Poor Settlement Name;Poor Settlement-ID (DB);Poor Settlement Name (DB);Mahalla-ID (DB);Mahalla Name (DB);Ward-ID (DB);Ward Name (DB);Similarity (%);verify status;Coordinates
Harun Sowdagar O Jamal Membarer Bari;;;;;;;;1;
Kalam Sowdagarer Bari;;;;;;;;1;
Sahaji Majar Ar Bari;;;;;;;;1;
Romjan Talukder Ar Bari;;;;;;;;1;
Kala Miya Baba Bari Masjeed Ar Paschim Pashe;;;;;;;;1;
Rahman Mistry O Khorate Miya Bari;;;;;;;;1;
Modon Fokir Bari School Ar Bam Pashe;;;;;;;;1;
Saber Sowdafgarer Bari;;;;;;;;1;
Chompa Taluk Darer Bari;;;;;;;;1;
Sekandar Ar Bari;;;;;;;;1;
Kumar Para;;;;;;;;1;
Brakhin Sha Para;;;;;;;;1;
Osman Sekdar Bari;;;;;;;;1;
Jiner Bari;;;;;;;;1;
Kodom Maji Bari;;;;;;;;1;
Abjal Majir Bari;;;;;;;;1;
Tanda Miyar Bari;;;;;;;;1;
Salamot Chowdory Bari;;;;;;;;1;
Dash Para;;;;;;;;1;
Pathan Para Maji Miyar Bari;;;;;;;;1;
Dokhin Mohora Kobir Pontaker Bari;;;;;;;;1;
Gone Company;;;;;;;;1;
Sodu Talukdarer Bari;;;;;;;;1;
Bojol Driver Ar Bari;;;;;;;;1;
Besho Colony;;;;;;;;1;
Abdur Khaleker Bari;;;;;;;;1;
Akhi Pitar Bari;;;;;;;;1;
Kalu Pitar Bari;;;;;;;;1;
Jahangir Rail Station;;;;;;;;1;
Chairman Colony;;;;;;;;1;
Priyada Munsher Bari;;;;;;;;1;
Sorkarer Bari;;;;;;;;1;
Sorkarer Bari;;;;;;;;1;
9 No. Brij Usufer Bari;;;;;;;;1;
Esmayel Colony;;;;;;;;1;
Modhom MOPhora Vola Khalifa Bari;;;;;;;;1;
Becharam Bari;;;;;;;;1;
Sonar Baper Bari;;;;;;;;1;
Ripon Dasher Bari;;;;;;;;1;
Manik Shelar Bari;;;;;;;;1;
Boro Bari;;;;;;;;1;
Rakhal Chowdory Bari;;;;;;;;1;
Motelal Dewaner Bari;;;;;;;;1;
Najim Sa. Bari;;;;;;;;1;
Manika Chowdory Ar Bari;;;;;;;;1;
Katarer Bari;;;;;;;;1;
Kaminy Mastarer Bari;;;;;;;;1;
Chalam Saheber Bari;;;;;;;;1;
Imambari;;;;;;;;1;
Secritary Colony;;;;;;;;1;
Shopna Khan chowdory Bari;;;;;;;;1;
Telar Bari;;;;;;;;1;
Priyada Manjel Bari;;;;;;;;1;
Jan Ali Chowdory Bari;;;;;;;;1;
Abdul Mahbud Sabad;;;;;;;;1;
Badsha Miya Colony;;;;;;;;1;
Akbor Ali Sokoner Bari;;;;;;;;1;
Ali Miya Trandleyar Bari;;;;;;;;1;
Asraf Doctor Bari;;;;;;;;1;
Cot Sarang Bari;;;;;;;;1;
Kashem Majir Bari;;;;;;;;1;
Master Bari;;;;;;;;1;
Master Bari;;;;;;;;1;
Pah Naj Colony;;;;;;;;1;
Sona Khalifa Bari;;;;;;;;1;
Saleha Ahmod Khan Chowdory Bari;;;;;;;;1;
Taj Majir Bari;;;;;;;;1;
Kopor Chowdory Bari;;;;;;;;1;
Mokbul Sarang Bari;;;;;;;;1;
Ful Jana Pitar Bari;;;;;;;;1;
Lal Miyar Matbor Bari;;;;;;;;1;
Nobi Chowdory Road;;;;;;;;1;
Abdul Goni Road;;;;;;;;1;
Abdul Goni Colony;;;;;;;;1;
Jor Dewbar Par;;;;;;;;1;
Pawyar House Colony;;;;;;;;1;
Mostofar Vara Ghor;;;;;;;;1;
Machu Colony;;;;;;;;1;
Brock Colony;;;;;;;;1;
Khalefa Ar Vara Ghor;;;;;;;;1;
Santa Pukur;;;;;;;;1;
Bongobodu Abasek Alaka;;;;;;;;1;
Rubbar Colony;;;;;;;;1;
Siddik Mistry Bari;;;;;;;;1;
Dopar Bari;;;;;;;;1;
Aminar Vara Bari;;;;;;;;1;
Sumon Vara Ghor;;;;;;;;1;
Amin Haji Vara Ghor;;;;;;;;1;
Sahani;;;;;;;;1;
Seraj Colony;;;;;;;;1;
CDC Vara Ghor;;;;;;;;1;
Mowlana Vara Ghor;;;;;;;;1;
Belal Colony;;;;;;;;1;
Betoli Bel;;;;;;;;1;
Hajemer Colony;;;;;;;;1;
Khan Bari Vara Bari;;;;;;;;1;
Bes Colony;;;;;;;;1;
Monjor Colony;;;;;;;;1;
Nesad Khaner Vara Ghor;;;;;;;;1;
9 No. CNB Colony;;;;;;;;1;
Haji Masjeed CNB Colony;;;;;;;;1;
Hafej Comisonar Bari;;;;;;;;1;
Sokedar Monjel Bari;;;;;;;;1;
Colony Mahbir Bari;;;;;;;;1;
Bohora Bari;;;;;;;;1;
Sareng Bari;;;;;;;;1;
Lal Miyar Baper Bari;;;;;;;;1;
Variba Membar Bari;;;;;;;;1;
Belayat Mistry Bari;;;;;;;;1;
Haji Asraf Ali Bari;;;;;;;;1;
Rukan Colony;;;;;;;;1;
Counselar Office;;;;;;;;1;
Seddek Colony;;;;;;;;1;
Muktar Sattda Gorer Colony;;;;;;;;1;
Jele Para;;;;;;;;1;
Rajin Ahomed Colony;;;;;;;;1;
Nosha Miya Colony;;;;;;;;1;
Haji Colony;;;;;;;;1;
Brij Ghat;;;;;;;;1;
Haji Colony;;;;;;;;1;
Al Koron 1 No. Goli Belal Colony;;;;;;;;1;
Al Koron 3 No. Goli Shadat Sir Ar Bari;;;;;;;;1;
Alkoron 3 No. Goli Majar Bari;;;;;;;;1;
Feringy Bazar;;;;;;;;1;
Feringy Bazar, Beby Colony;;;;;;;;1;
Feringy Bazar, Tarek Colony;;;;;;;;1;
Mannan Doctor Goli;;;;;;;;1;
Mannan Docotor Goli;;;;;;;;1;
Feringy Bazar, Chan Shan Masjeed;;;;;;;;1;
Feringy Bazar Ghola School;;;;;;;;1;
Alkoron Ismayel Fokir Ar Majarer Pashe;;;;;;;;1;
Alkoron 2 No. Goli;;;;;;;;1;
Alkoron 1 No. Goli;;;;;;;;1;
Shil Bari Lainer Shamne;;;;;;;;1;
Feringy Bazar Jame Masjeed Ar Purbo Get;;;;;;;;1;
Abdys Sattarer Bari;;;;;;;;1;
Abdul Hossain Sattarer Bari;;;;;;;;1;
Momota NGO Goli;;;;;;;;1;
Bander School Road;;;;;;;;1;
Chuyal Tuli Lain;;;;;;;;1;
Shan Sufe Anayat Ullah (ra.) Jame Masjeed;;;;;;;;1;
Feringy Bazar Vandary Bali o sakor Ali Colony;;;;;;;;1;
Golam Rasum Sotto Bari;;;;;;;;1;
Boder Alom Dovaser Bari;;;;;;;;1;
Jahangir Alomer Bari;;;;;;;;1;
Abdul Gofur Sotta Bari;;;;;;;;1;
Noya Para;;;;;;;;1;
Gonga Bari Tek Paka;;;;;;;;1;
Ayakul Nagar Drim Fectory;;;;;;;;1;
Ayakub Nagar Loteyar Ghat Dovosha Colony;;;;;;;;1;
Mabud Dovash Colony;;;;;;;;1;
Raju Colony;;;;;;;;1;
Abdul Hafej Dovosh Colony;;;;;;;;1;
Momin Dobosh Colony;;;;;;;;1;
Ayakub Nagar Progoty Songho;;;;;;;;1;
Ayakub Nagar Latu Dovosher Bari;;;;;;;;1;
Brig Ghat Sahaji Para;;;;;;;;1;
Green View;;;;;;;;1;
Shamoli;;;;;;;;1;
Soraipara;;;;;;;;1;
Kazir Dighi;;;;;;;;1;
Loharpool Area;;;;;;;;1;
Mugi Farm Songlogno Area;;;;;;;;1;
Chudu Chowdhuri Bari Songlongo;;;;;;;;1;
Jabed Colony College Road;;;;;;;;1;
Jarif Ali Shah Abashik Elaka;;;;;;;;1;
Boshor Colony;;;;;;;;1;
Poschimpara (Library);;;;;;;;1;
Shil para;;;;;;;;1;
Dhopapara;;;;;;;;1;
Durgapara;;;;;;;;1;
Jelepara;;;;;;;;1;
Railbit Bosti; Sagor Par;;;;;;;1;
Hossain Chowdhury Bari Songlongo Elaka;;;;;;;;1;
I Block;;;;;;;;1;
J Block;;;;;;;;1;
A Block;;;;;;;;1;
Chaitannyagoli;;;;;;;;1;
Al-Amin masjid ko.;;;;;;;;1;
Reyajuddin Bazar;;;;;;;;1;
Jublie road;;;;;;;;1;
Mominer Bar, ranir Dighi;;;;;;;;1;
Ranir dighi Par;;;;;;;;1;
Nondonshonon 2no. Goli By Lane;;;;;;;;1;
Nnondonkan Police Fari;;;;;;;;1;
Baki soddar Bari, Enayet Bazar;;;;;;;;1;
Baki soddar Bari, Poschim Enayet Bazar;;;;;;;;1;
AB Banker Goli,Enayet Bazar;;;;;;;;1;
Lovelane, Anondo Club Goli;;;;;;;;1;
Mohila Colleger Pasher Goli, Enayet Bazar;;;;;;;;1;
Gowalpara, Tulatola;;;;;;;;1;
Tulatoli Colony;;;;;;;;1;
Mali Para;;;;;;;;1;
Tulatoli;;;;;;;;1;
Nurse Quarter + Bazar;;;;;;;;1;
24 Quarter Dakhin;;;;;;;;1;
Boilar colony;;;;;;;;1;
Boilar colony Balimat;;;;;;;;1;
14 Jamtola;;;;;;;;1;
Anindo club Uttor;;;;;;;;1;
Akter Miya Colonu;;;;;;;;1;
Sekandar Colony;;;;;;;;1;
Rohoman Colony;;;;;;;;1;
Alauddin Colony;;;;;;;;1;
Akbar Colony;;;;;;;;1;
Kalo showdagorer Bari;;;;;;;;1;
Kobirder Bari;;;;;;;;1;
Raja miar Colony;;;;;;;;1;
Shahabuddin Colony, Khalifa potti;;;;;;;;1;
Sottar Colony, Khalifapotti;;;;;;;;1;
Burir Colony Khalifapotti;;;;;;;;1;
Belayet Alir Bari;;;;;;;;1;
Late Azizer Bari;;;;;;;;1;
Mohiullah colony;;;;;;;;1;
Hafez Colony;;;;;;;;1;
Mali Potti;;;;;;;;1;
Kabir Colony;;;;;;;;1;
Boson Colony;;;;;;;;1;
Babir sow.. Colony;;;;;;;;1;
Salam Sowdagorer Bari;;;;;;;;1;
Kobir Diverer Bari;;;;;;;;1;
Sher Ali membar Bari;;;;;;;;1;
Taher Colony;;;;;;;;1;
Ochi mia Sow. Bari;;;;;;;;1;
Azad Colony;;;;;;;;1;
Jafar Ali Colony;;;;;;;;1;
Murad Colony;;;;;;;;1;
Sekandar Colony;;;;;;;;1;
Dubaiwala colony;;;;;;;;1;
Kamal sow. Colony;;;;;;;;1;
Khoir Mohammad Colony;;;;;;;;1;
Islam Colony;;;;;;;;1;
Hasi mia colony;;;;;;;;1;
Abul Kalamsow. Colony;;;;;;;;1;
Suraiya Colony;;;;;;;;1;
Shofi sow. colony;;;;;;;;1;
Peyar mohammad colony;;;;;;;;1;
Khabirul Haque Colony;;;;;;;;1;
Lalu majhir Bari;;;;;;;;1;
Mokbul Ali sow. Bari;;;;;;;;1;
Selim Ukeler Bari;;;;;;;;1;
Toyou Ali Chairman Bari;;;;;;;;1;
Fatemar Bari;;;;;;;;1;
Sofe Secritory Ar Bari;;;;;;;;1;
Mohsenar Bari;;;;;;;;1;
Nur Jahaner Bari;;;;;;;;1;
Rokeyar Bari Ar Poschim;;;;;;;;1;
Bash Bariya;;;;;;;;1;
Rofabad Dokhin Para;;;;;;;;1;
Textaile Colony;;;;;;;;1;
Ful Bagan;;;;;;;;1;
Belaliner Purbo O Poschim Pashe;;;;;;;;1;
Hasane Bonospoty Mil Sonlogno Bosoty;;;;;;;;1;
Rail Line Sonlogno Bosoty;;;;;;;;1;
Romju Sordar Bari Sonlogno Bosoty;;;;;;;;1;
Sordar Bari;;;;;;;;1;
Somaj Seba Road Ar Poschim Onso;;;;;;;;1;
Anoyara Sowdagor Bari;;;;;;;;1;
Thakur Bari;;;;;;;;1;
Tula Company;;;;;;;;1;
Majar Thaka Salamot Alir Bari Pojinto;;;;;;;;1;
Uttor Para Bosoty;;;;;;;;1;
Poschim Para-1;;;;;;;;1;
Poschim Para-2;;;;;;;;1;
Julman Sha Colony;;;;;;;;1;
Hanjar Bag Colony;;;;;;;;1;
Oniban Club;;;;;;;;1;
Hilview 1 No. Moore;;;;;;;;1;
Korob Sthan Ar Ashe Pashe;;;;;;;;1;
Sahanar Bari;;;;;;;;1;
Rahman Sovapoty Ar Bari;;;;;;;;1;
Tutul Der Bari;;;;;;;;1;
Malekder Bari;;;;;;;;1;
Rokeyar Bari;;;;;;;;1;
Boreshal Colony;;;;;;;;1;
Renuyarar Bari Dokhin;;;;;;;;1;
Bahar Netar Bari;;;;;;;;1;
Milon Hajir Bari;;;;;;;;1;
Soreyar Netar Bari;;;;;;;;1;
Ibrahim Keraner Bari;;;;;;;;1;
Sahnaj Ar Barir Pora Colony;;;;;;;;1;
Dhama Bacchur Bari;;;;;;;;1;
Sobahan Khondokar Ar Bari;;;;;;;;1;
Seraj Ar Bari Uttor;;;;;;;;1;
Khokoner Bari;;;;;;;;1;
Anoyarer Bari;;;;;;;;1;
Hasenar Bari;;;;;;;;1;
Jobedar Bari Ppurbo Pash;;;;;;;;1;
Bether Bari;;;;;;;;1;
Manoyarar Bari Dokhin Pashe;;;;;;;;1;
Jahera Gofur Master Ar Bari;;;;;;;;1;
Belkis Ar Bari;;;;;;;;1;
Rongpur Bohoalne;;;;;;;;1;
Oruner Clony;;;;;;;;1;
Marjeder Bari;;;;;;;;1;
Soref Ar Colony;;;;;;;;1;
Cristhan Gris Ar Pashe;;;;;;;;1;
Bashar Market Ar Poschem Para;;;;;;;;1;
Bibi Hat Kacha Bazar 2 No. Goli;;;;;;;;1;
Kacha Bazar 1 No. Goli;;;;;;;;1;
Aturar Depu, Ajij Colony;;;;;;;;1;
Hamjar Degi Thaka Rahmaneya School Pojonto;;;;;;;;1;
Taherbad Thake M.Najer Ali Bedhaloi Pojonto;;;;;;;;1;
Aturur Depu Jangl Para;;;;;;;;1;
Jahangir Para;;;;;;;;1;
Ajij Ullah Sorok Sonlogno Bosoty;;;;;;;;1;
Najir Kha Goli Sonlogno Sarak;;;;;;;;1;
Jelany Laine Sonlogno Bosoty;;;;;;;;1;
Hamjar Bag Publick School;;;;;;;;1;
Urcchosha Club Ar Shamne;;;;;;;;1;
Green View Socity Ar Uttor Pashe;;;;;;;;1;
Hamja Kha Laine Ses Matha Kala Pul;;;;;;;;1;
Masjed Ar Shamne;;;;;;;;1;
Puler Gula;;;;;;;;1;
Sha Amanot Society;;;;;;;;1;
Shre Cort Society;;;;;;;;1;
Boro Bari Goli;;;;;;;;1;
Vandary Lain;;;;;;;;1;
Green View Abashek Alaka;;;;;;;;1;
Soniya Madrasha Road;;;;;;;;1;
Madrashar Dokhin Pashe;;;;;;;;1;
Haji Colony;;;;;;;;1;
Asia Fen Company Ar Pashe;;;;;;;;1;
Hadu Majir Para;;;;;;;;1;
Hindu Para Kali Bari;;;;;;;;1;
Sunneya Madrasha Uttor Pashe;;;;;;;;1;
Mahabub Munser Bari;;;;;;;;1;
Khoteber Hat Siddik Market at Poschim Pahe;;;;;;;;1;
Ispa Tawar Ar Poschim Pashe;;;;;;;;1;
Kala Gurer Poschim Pashe;;;;;;;;1;
Kalapuler Purbo Pashe;;;;;;;;1;
Alomoneyam Goli;;;;;;;;1;
Muhammad Pur Boro Pukur Par;;;;;;;;1;
Amdad Ali Road;;;;;;;;1;
Mobarok Ali Sattar Bari;;;;;;;;1;
Laver Society Ismayel Co. Ar Ashe Pashe;;;;;;;;1;
Station Colony Ar Bostee;;;;;;;;1;
Jut Rail O Rail Dech;;;;;;;;1;
Doker Par Colony;;;;;;;;1;
Mali Colony;;;;;;;;1;
Ward Office Sonlogno Rail Veu;;;;;;;;1;
Pai Madar Bari 1 No. Goli;;;;;;;;1;
D.T Road Rail Det;;;;;;;;1;
Comars College Nai Lain;;;;;;;;1;
Enganeyar Colony;;;;;;;;1;
Patwary Colony;;;;;;;;1;
A/12 B;;;;;;;;1;
Rejaul Korim Colony;;;;;;;;1;
D Ar P Colony;;;;;;;;1;
Nasir Sha Majar;;;;;;;;1;
Station Road Jame Masjeed Colony;;;;;;;;1;
Station Road Jennah Para;;;;;;;;1;
Station Road Miya Bari;;;;;;;;1;
Abdul Hamid Ar Bosoty;;;;;;;;1;
Kobir Sodagor Bari;;;;;;;;1;
Abdul Kalem Bari;;;;;;;;1;
Ayakul Miyar Bari;;;;;;;;1;
Abdul Malek Bari;;;;;;;;1;
Amin Ullah Bari;;;;;;;;1;
Rahman Comisonar Bari;;;;;;;;1;
Morhum Rajjaker Bari;;;;;;;;1;
Sordar Bari;;;;;;;;1;
Korim Sodagar Bari;;;;;;;;1;
Abdul Sattar Bari;;;;;;;;1;
Ali Ahamod Bari;;;;;;;;1;
Coitonno Goli Miya Bari;;;;;;;;1;
Shib Sonkor Bari;;;;;;;;1;
Usuf Miya Matre seden;;;;;;;;1;
Post Office Goli;;;;;;;;1;
Munstar Goli;;;;;;;;1;
Sahajan Goli;;;;;;;;1;
Besi Goli;;;;;;;;1;
Set Para;;;;;;;;1;
City Gramar School;;;;;;;;1;
Jakir Hossain College Goli;;;;;;;;1;
Rasal Colony;;;;;;;;1;
Dovas Colony;;;;;;;;1;
Chondro Bindu Colony;;;;;;;;1;
Majar Goli;;;;;;;;1;
Chairman Bari;;;;;;;;1;
Sanraij Garamar School;;;;;;;;1;
7 Tola Colony;;;;;;;;1;
Monohar Colony;;;;;;;;1;
Bandor Colony;;;;;;;;1;
Bondur School Goli;;;;;;;;1;
Sahaji Para;;;;;;;;1;
Napit Para;;;;;;;;1;
Jele Para;;;;;;;;1;
Abdul Ajij Colony;;;;;;;;1;
Nur Sha Majar;;;;;;;;1;
Oyajer Para School Pashe;;;;;;;;1;
8 No. Goli o Jele Para;;;;;;;;1;
Boijjer Baper Bari;;;;;;;;1;
Khula Miya Sotto Bari o Para;;;;;;;;1;
S.A Jafor Colony;;;;;;;;1;
Musa Colony;;;;;;;;1;
Bella O Jahangir Sotto Vara Ghor;;;;;;;;1;
Aiyub Ali Colony;;;;;;;;1;
Aniser Baper Bari;;;;;;;;1;
Chairman Ar Bari;;;;;;;;1;
Muhammod Soref Ar Bari;;;;;;;;1;
Comisonar Para o Jalir Bari;;;;;;;;1;
Boro Molover Saheber Ar Bari;;;;;;;;1;
Sukkur Sotto Vara Ghor;;;;;;;;1;
Hafej Muhammad Alir Var Ghor;;;;;;;;1;
Abdur Shohan Ar Bari;;;;;;;;1;
Liyakot Alir Colony;;;;;;;;1;
Lija Comiunity Center Colony;;;;;;;;1;
Deloyar Jahan;;;;;;;;1;
Abdul Baker Sar Ar Bedhaloi;;;;;;;;1;
Soiyod Sha Road;;;;;;;;1;
Goni Sattar Colony;;;;;;;;1;
Borhan Uddain Munser Colony;;;;;;;;1;
Lija Colony;;;;;;;;1;
Nur Muhammad Colony;;;;;;;;1;
Pres Kashemer Bari;;;;;;;;1;
Usuf Alir Bari;;;;;;;;1;
Haji Abdul Nur Colony;;;;;;;;1;
Alom Kuti Colony 2 No. 3 No.;;;;;;;;1;
Alom Duti Colony;;;;;;;;1;
Los Membarer Colony;;;;;;;;1;
Alom Duti Colony;;;;;;;;1;
Haji Abdur Nur Colony;;;;;;;;1;
jakir Sotto Colony;;;;;;;;1;
Keyamot Ali Sodagor Bari;;;;;;;;1;
Khal Par Uttor Pash Sonlogno;;;;;;;;1;
Anayat Ali Sottodagor Bari;;;;;;;;1;
Khal Par Munshe Para;;;;;;;;1;
Purbo Rampur;;;;;;;;1;
Kader Kerani Road;;;;;;;;1;
Boro Pukur Par;;;;;;;;1;
Borof Kol Road Sonlogno;;;;;;;;1;
Hafej Membarer Bari;;;;;;;;1;
Eid Gha Kacha Rasta;;;;;;;;1;
Sofek Islamer Bari;;;;;;;;1;
Monaf Membarer Bari;;;;;;;;1;
Kuddus (Sotto) Ar Bari;;;;;;;;1;
Atakub Ali School Sonlogno;;;;;;;;1;
Hasan Sha Majar;;;;;;;;1;
Hasan Shan Majar Poscjim Pashe;;;;;;;;1;
Foyej Comisonar Ar Alaka;;;;;;;;1;
Sofe Hajir Bari;;;;;;;;1;
YakubComadarer Bari;;;;;;;;1;
Ketab Masjeed Sonlogno;;;;;;;;1;
Dopa Para;;;;;;;;1;
Fokir Golli;;;;;;;;1;
Hajar Deger Par Dopa Par;;;;;;;;1;
Amin Contactor Road;;;;;;;;1;
1 No. Panir Kol;;;;;;;;1;
Burir Mar Colony;;;;;;;;1;
Peskar Bari;;;;;;;;1;
Sofe Colony;;;;;;;;1;
Vanga Colony;;;;;;;;1;
Chowdory Bari;;;;;;;;1;
Poschim Para;;;;;;;;1;
Hindu Bari;;;;;;;;1;
Ashak Chairman Bari;;;;;;;;1;
Masjeed Colony;;;;;;;;1;
Oche Monser Bari;;;;;;;;1;
Contactar Bari;;;;;;;;1;
Burir Mar Colony;;;;;;;;1;
Kali Bari;;;;;;;;1;
Kacha Bazar Bosoty;;;;;;;;1;
Omor Jahan Masjeed Bosoty;;;;;;;;1;
Chowdory O Khan Bari Bosoty;;;;;;;;1;
Abdula Bari;;;;;;;;1;
Mohsen Colony;;;;;;;;1;
Samsur Nahar Colony;;;;;;;;1;
Ahomed Colony;;;;;;;;1;
1 No. Goli;;;;;;;;1;
Nuj Miya 2 No. Goli;;;;;;;;1;
3 No. Goli;;;;;;;;1;
4 No. Goli;;;;;;;;1;
Nur Muhammad Colony;;;;;;;;1;
Sakir Baber Colony;;;;;;;;1;
Tal Companir Colony;;;;;;;;1;
UnusColony;;;;;;;;1;
Bemol Docotr Ar Selim Colony;;;;;;;;1;
Sha Alom  O Babul Colony;;;;;;;;1;
Mofej Colony O Monoyara Colony;;;;;;;;1;
Hossain Colony;;;;;;;;1;
Mahbub Colony;;;;;;;;1;
Bokku O Dulal Colony;;;;;;;;1;
Esa Colony;;;;;;;;1;
Moumin o Dulal Babu Colony;;;;;;;;1;
Shebakhola Colony;;;;;;;;1;
Jebal Hossain Colony;;;;;;;;1;
Provat Babu Colony;;;;;;;;1;
Shuvas Babu Colony;;;;;;;;1;
Khaza Colony;;;;;;;;1;
Beauty o Shahed Colony;;;;;;;;1;
Chakma Colony;;;;;;;;1;
Liton Colony o Shamol Colony;;;;;;;;1;
Fazlu Colony;;;;;;;;1;
Barua Colony;;;;;;;;1;
Shofi Colony;;;;;;;;1;
Masjid Colony;;;;;;;;1;
Motinbod (A) Elaka;;;;;;;;1;
Doctor Colony;;;;;;;;1;
Motaher Colony;;;;;;;;1;
Roban Colony;;;;;;;;1;
Asina Colony;;;;;;;;1;
Noron Colony;;;;;;;;1;
Arif Colony;;;;;;;;1;
Ansar Colony;;;;;;;;1;
Aziz Colony;;;;;;;;1;
Ashrash Ali Roader Uttor Pash;;;;;;;;1;
Fulbagicha Colony;;;;;;;;1;
Rafiqe Colony;;;;;;;;1;
Nasir Colony;;;;;;;;1;
Ali Akbar Colony;;;;;;;;1;
Sorwar Colony;;;;;;;;1;
Selim Colony;;;;;;;;1;
Khan Shaheber Colony;;;;;;;;1;
Amin Sharifer Colony;;;;;;;;1;
Hossain Vaier Colony;;;;;;;;1;
Abu Taherer Colony;;;;;;;;1;
Foyej Ahmeder Colony;;;;;;;;1;
Hasinar Colony;;;;;;;;1;
Mostofar Colony;;;;;;;;1;
Mohammad Ali Colony;;;;;;;;1;
Amenar Colony;;;;;;;;1;
Jillu O Nur Colony;;;;;;;;1;
Bandari O Nasir Colony;;;;;;;;1;
Merajer Maa Colony;;;;;;;;1;
Hor Ronjoner Bari;;;;;;;;1;
Kali Bari;;;;;;;;1;
Monmohon Nibash;;;;;;;;1;
Brickfield By Lane;;;;;;;;1;
Jelepara;;;;;;;;1;
Yusuf Mia;;;;;;;;1;
Halimar Bari;;;;;;;;1;
Kali Bari;;;;;;;;1;
Lalu Sowdagor Colony;;;;;;;;1;
Jafar Sowdagorer Bari;;;;;;;;1;
Lalu Sowdagor Colony;;;;;;;;1;
Jafar Sowdagor Colony;;;;;;;;1;
Shoni Mandir;;;;;;;;1;
Bhokti Babur Colony;;;;;;;;1;
Amul/Golapdar Bari;;;;;;;;1;
Mona, Arun, Dasher Bari;;;;;;;;1;
Dulal/Anondo Dash Bari;;;;;;;;1;
Loknath Mandir;;;;;;;;1;
Shova-Rabindra Makhon Colony;;;;;;;;1;
Shitola Mandir;;;;;;;;1;
Abdul Malek;;;;;;;;1;
Kolabagicha Kali Mandir;;;;;;;;1;
Jongoilar Colony;;;;;;;;1;
Mohajon Bari;;;;;;;;1;
Bulbulir Maar Bari;;;;;;;;1;
Christian Para;;;;;;;;1;
Ali Hossainer Bari;;;;;;;;1;
Sultanar Bari;;;;;;;;1;
Contructor Colony;;;;;;;;1;
Brahmonpara;;;;;;;;1;
Susa Colony;;;;;;;;1;
Contructor Colony 1;;;;;;;;1;
Contructor Colony 3;;;;;;;;1;
Contructor Colony 2;;;;;;;;1;
Elias colony;;;;;;;;1;
Hazi colony;;;;;;;;1;
yusuf colony;;;;;;;;1;
Arbi colony;;;;;;;;1;
Yunus colony;;;;;;;;1;
Josim colony;;;;;;;;1;
Khokoner colony;;;;;;;;1;
Mamun colony;;;;;;;;1;
Mabia colony;;;;;;;;1;
Islamia colony;;;;;;;;1;
Ajjad colony;;;;;;;;1;
Anowar colony;;;;;;;;1;
Prokash khaler mokh;;;;;;;;1;
Salahuddin shaheb colony;;;;;;;;1;
Abdul khalek colony;;;;;;;;1;
Akther colony;;;;;;;;1;
Faruk shaheber colony;;;;;;;;1;
Muhammad miya colony;;;;;;;;1;
Jafor colony;;;;;;;;1;
Ajom khan o ayub colony;;;;;;;;1;
Abul colony;;;;;;;;1;
Kihokon o parveg colony;;;;;;;;1;
Azad colony;;;;;;;;1;
Dobai colony;;;;;;;;1;
Jom mahmuder colony;;;;;;;;1;
Mahfuza colony;;;;;;;;1;
Monab hazi colony;;;;;;;;1;
Kobir colony;;;;;;;;1;
Razea colony;;;;;;;;1;
Mohammad ali colony;;;;;;;;1;
Ayub alir colony;;;;;;;;1;
Abul colony;;;;;;;;1;
Shah amanot colony;;;;;;;;1;
Mahfuza-2 colony;;;;;;;;1;
Afsar colony;;;;;;;;1;
shamsur nahar colony;;;;;;;;1;
Khatchor Uttor Belr;;;;;;;;1;
Khatchor;;;;;;;;1;
Basto Hara;;;;;;;;1;
Noman College Road C.N.G Flot;;;;;;;;1;
Basto Hara Samnsu Colony;;;;;;;;1;
Basto Hara Mohobbot Nagar;;;;;;;;1;
Notun Brij Noyab Khan Colony;;;;;;;;1;
Beri Bad Poschim Para;;;;;;;;1;
Beri Badh;;;;;;;;1;
Sha Amanot Colony;;;;;;;;1;
Jerat Begum;;;;;;;;1;
Shek Muhammad Ar Bari;;;;;;;;1;
Sultan Driver Ar Bari;;;;;;;;1;
Taju Ahameder Bari;;;;;;;;1;
Usuf Miyar Bari;;;;;;;;1;
Vuiya Saheber Bari;;;;;;;;1;
Abdul Mannaner Bari;;;;;;;;1;
Abdul Salam;;;;;;;;1;
Rehana Mija Bari;;;;;;;;1;
Josem Saheber Bari;;;;;;;;1;
Musa Saheber Bari;;;;;;;;1;
Sultan Saheber Bari;;;;;;;;1;
Monju Saheber Bari;;;;;;;;1;
Condon Babur Bari;;;;;;;;1;
Sopfekur Ismayeler Bari;;;;;;;;1;
Md. Tepur Bari;;;;;;;;1;
Sahedul Alomer Bari;;;;;;;;1;
Soleman Saheber Bari;;;;;;;;1;
Husaen Muhammder Bari;;;;;;;;1;
Sofekul Alomer Bari;;;;;;;;1;
Soger Saheber Bari;;;;;;;;1;
Morshed Alom Bari;;;;;;;;1;
Masud Hosen Chowdoru Ar Bari;;;;;;;;1;
Md. Repon Ar Bari;;;;;;;;1;
Morshed Hossain Chowdory Ar Bari;;;;;;;;1;
Md. Ajad Saheber Bari;;;;;;;;1;
Forhad saheber Bari;;;;;;;;1;
Md. Sumon Bari;;;;;;;;1;
Md. Repon Ar Bari;;;;;;;;1;
Rahman O ajom Colony;;;;;;;;1;
Mahbub O Rahman Colony;;;;;;;;1;
Bagan Bari;;;;;;;;1;
Mokhles O Monu O Ajom;;;;;;;;1;
Osman Saheb;;;;;;;;1;
Usuf Khan;;;;;;;;1;
Jobur Colony;;;;;;;;1;
Usuf Colony;;;;;;;;1;
Salam Colony;;;;;;;;1;
Amjadf Colony;;;;;;;;1;
Onil Babur Colony;;;;;;;;1;
Roshid DriverAr Colony;;;;;;;;1;
Mukti Jodda Usuf;;;;;;;;1;
Rubel Colony;;;;;;;;1;
Rubi Colony Nalar Par;;;;;;;;1;
Mostofa O Mintu Colony;;;;;;;;1;
Deloyar O Kashem Colony;;;;;;;;1;
Khalek O Fatemar Colony;;;;;;;;1;
Nurul Hok Colony;;;;;;;;1;
Sadek O Nadim Colony;;;;;;;;1;
Seraj O Anoyar Colony;;;;;;;;1;
Mokbul O Vbabu Colony;;;;;;;;1;
Absar O Taher Colony;;;;;;;;1;
Monoyar o Nevi Fored;;;;;;;;1;
Dulal Babur Colony;;;;;;;;1;
Motin Colony;;;;;;;;1;
Nur Begum;;;;;;;;1;
Ruje O Anoyara O Nuru Colony;;;;;;;;1;
Shekh Muhammad O Samsu Membar;;;;;;;;1;
Malek O Osman Colony;;;;;;;;1;
Mukta Master Colony;;;;;;;;1;
Mukta Master Colony;;;;;;;;1;
Nasir Colony;;;;;;;;1;
Tofajjal Colony;;;;;;;;1;
Babul O Joren Ma;;;;;;;;1;
Malek O Mahammud Alir Colony;;;;;;;;1;
Selim Saheb;;;;;;;;1;
Kobir O Usuf Driver Ar Colony;;;;;;;;1;
Rofik O Fored Colony;;;;;;;;1;
Joher Driver Ar Bari;;;;;;;;1;
Sonkor Babu O Kot Kasem Colony;;;;;;;;1;
Semar Ma O Naser Colony;;;;;;;;1;
Bura Miya O Babul Colony;;;;;;;;1;
Absar O Kata Kasem Ar Bari;;;;;;;;1;
Osman O Sodar Mahbub Alom Bari;;;;;;;;1;
Mahbub Saheb Ar Colony;;;;;;;;1;
Monir Chowdory O Badon Colony;;;;;;;;1;
Prohfesor O Kashem Munse;;;;;;;;1;
Jahanger Maorel Hasem;;;;;;;;1;
Gras Kamal O Najur Ma;;;;;;;;1;
Alom Molla O Saroyar;;;;;;;;1;
Mahbub Saheb Colony;;;;;;;;1;
Motin Jomedar;;;;;;;;1;
Somena Munse;;;;;;;;1;
Sorkar Chachar Bari;;;;;;;;1;
Advoket Salamer Bari;;;;;;;;1;
Khodeja Begum Ar Bari;;;;;;;;1;
Sekh Saheber Bari;;;;;;;;1;
Abdul Ohab Amojumdarer Bari;;;;;;;;1;
Amin Hosener Bari;;;;;;;;1;
Eyakub Alir Bari;;;;;;;;1;
Eyakub Alir Bari;;;;;;;;1;
Kashemer Bari;;;;;;;;1;
Sohenur Bari;;;;;;;;1;
Sajemar Bari;;;;;;;;1;
Bobaraba Bari;;;;;;;;1;
Babuler Bari;;;;;;;;1;
Des Babul;;;;;;;;1;
Makaoyaber Bari;;;;;;;;1;
Sekandarer Bari;;;;;;;;1;
Sarafater Bari;;;;;;;;1;
Rahmaner Bari;;;;;;;;1;
Jamirer Bari;;;;;;;;1;
9 No. Bari Sonlogno Bosoty;;;;;;;;1;
Badsha Miya;;;;;;;;1;
Kajol;;;;;;;;1;
jahangir o commader colony;;;;;;;;1;
Salam o rahela ajijul korim;;;;;;;;1;
Boshor morsheda nitai babu;;;;;;;;1;
Morshed alom joinal rofiq mofij;;;;;;;;1;
Ansar ullah biplop minu mofij;;;;;;;;1;
alauddin monji rofiq miya;;;;;;;;1;
Rafiq monju shahidul islam;;;;;;;;1;
uttor pash;;;;;;;;1;
Nur alom bali abdul aziz;;;;;;;;1;
Yakub hannan abdur rashid;;;;;;;;1;
Abdullah saleha abdullah;;;;;;;;1;
saddam guruj amanulladh;;;;;;;;1;
rastar bame dane shesh shukur;;;;;;;;1;
Abdul hossain  forid bame dane ali;;;;;;;;1;
Abdul hossain ukil colony;;;;;;;;1;
Ali ahmed member bari forid colony;;;;;;;;1;
Nurul huda maruf colony;;;;;;;;1;
Manik colony ranjpur colony;;;;;;;;1;
Pora colony 12no road;;;;;;;;1;
Mohammad alir colony;;;;;;;;1;
Monoara colony;;;;;;;;1;
Kobi gate saber colony;;;;;;;;1;
Akbor colony;;;;;;;;1;
joinal;;;;;;;;1;
Kolabagan bosti;;;;;;;;1;
Soudagarer colony;;;;;;;;1;
Soudagarer colony;;;;;;;;1;
hindu para;;;;;;;;1;
Railway colony;;;;;;;;1;
Christan koborsthan colony;;;;;;;;1;
Haruner colony;;;;;;;;1;
Abduler colony;;;;;;;;1;
Ahmader bari;;;;;;;;1;
chowdhuri bil;;;;;;;;1;
Ismail colony6;;;;;;;;1;
Azim colony;;;;;;;;1;
Sher ahmad colony;;;;;;;;1;
Bobayear colony;;;;;;;;1;
Dofadar bari;;;;;;;;1;
Rafiq colony;;;;;;;;1;
Chunnu mitar colony;;;;;;;;1;
md alir colony;;;;;;;;1;
Lucky colony;;;;;;;;1;
Mintu colony;;;;;;;;1;
Kala miyar colony;;;;;;;;1;
Shoudagar colony;;;;;;;;1;
Shoudagar colony;;;;;;;;1;
Bokul colony;;;;;;;;1;
Abdur gonir colony;;;;;;;;1;
Robir colony;;;;;;;;1;
Humayuner colony;;;;;;;;1;
Sokinar colony;;;;;;;;1;
Janne alom colony;;;;;;;;1;
Malikker graper colony;;;;;;;;1;
Abbas colony;;;;;;;;1;
Hutka o mala para;;;;;;;;1;
Chumchu colony;;;;;;;;1;
Tamanna baper colony;;;;;;;;1;
Roistab colony colony;;;;;;;;1;
Anowar pana colony;;;;;;;;1;
Borishilla colony;;;;;;;;1;
Nanu Rajar Bari;;;;;;;;1;
Toibeya Para;;;;;;;;1;
Najim Colony;;;;;;;;1;
Dr. Hamid Ar Bari;;;;;;;;1;
Dr. Yasin Ar Bari;;;;;;;;1;
Shil Para;;;;;;;;1;
Shinty Colony;;;;;;;;1;
Akbor Sarak Bari;;;;;;;;1;
Hothat Colony;;;;;;;;1;
Sah Amam Aklome;;;;;;;;1;
Cha- Bagan;;;;;;;;1;
Cekom Chora (Marma Para);;;;;;;;1;
Bethuya;;;;;;;;1;
Hamja Colony;;;;;;;;1;
Bera Colony;;;;;;;;1;
3 No. Bahar;;;;;;;;1;
Boroi Tola 3 No. Bahar;;;;;;;;1;
Sekandar Colony;;;;;;;;1;
Thanda Chore;;;;;;;;1;
Khella Para;;;;;;;;1;
Foteya Bad Nath Para ;;;;;;;;1;
( Kaminy Mahajon O Chowdory Bari);;;;;;;;1;
Foteya Bad Durga Bari;;;;;;;;1;
Vusa Gajir Bari;;;;;;;;1;
Sumon Colony + Adorsho Para;;;;;;;;1;
Am Tola;;;;;;;;1;
Uttor Shondep Colony;;;;;;;;1;
Modho Mondep;;;;;;;;1;
Dokhin Sondep Colony;;;;;;;;1;
Puler Gora Hateya Colony;;;;;;;;1;
Fokir Khel;;;;;;;;1;
Adorsho Para;;;;;;;;1;
Sondep Colony, Driver Colony;;;;;;;;1;
Jafor Comisonar Ar Bari;;;;;;;;1;
Sukkur Member Ar Bari;;;;;;;;1;
Foteya Bad, Poschim Para;;;;;;;;1;
Poschim Chayar Kul, Dokhin Para;;;;;;;;1;
Modho Foteya Bad, Mali Para;;;;;;;;1;
Modho Foteya Bad, Hare Para;;;;;;;;1;
Modho Foteya Bad, Haji Para;;;;;;;;1;
Modho Foteya Bad, Gupto Bari;;;;;;;;1;
Modho Foteya Bad, Somshe Company Ar Bari;;;;;;;;1;
Uttor Foteya Bad, Saha Para;;;;;;;;1;
Uttor Foteya Bad, Uttor Para;;;;;;;;1;
Uttor Foteya Bad, sodhur Para;;;;;;;;1;
Poschim Chorar Kul, Uttor Para;;;;;;;;1;
Bramon Para;;;;;;;;1;
Mahamuda Bad, Modho Para;;;;;;;;1;
Mahamuda Bad, Uttor Para;;;;;;;;1;
Mahamuda Bad, Poschim Para;;;;;;;;1;
Balek Sohor Majar;;;;;;;;1;
Yasim Sahar Majar;;;;;;;;1;
Poshu Sala;;;;;;;;1;
Ledu Jomedarer Bari;;;;;;;;1;
Malek Jomedarer Bari;;;;;;;;1;
Kalo Jomidarer Bari;;;;;;;;1;
Bale Sowdagarer Bari;;;;;;;;1;
Salam Vela;;;;;;;;1;
Jahangir Sowdagarer Bari;;;;;;;;1;
Saber Vela;;;;;;;;1;
Dofadar bari;;;;;;;;1;
Alauddain Saheber Basha;;;;;;;;1;
Amin Kobir Bari;;;;;;;;1;
Sohor Ali;;;;;;;;1;
Soban Jomedar;;;;;;;;1;
Aiyub Khan Bari;;;;;;;;1;
Motaleb Saheber Basha;;;;;;;;1;
Mukti Jodda Usuf;;;;;;;;1;
Sanda Abashik (Poschim Matha);;;;;;;;1;
Sanda Abashik;;;;;;;;1;
Abdul Hamid Colony;;;;;;;;1;
I.C.I Banglo Bari;;;;;;;;1;
Gofur Sowdagar;;;;;;;;1;
Monu Khalifar Bari;;;;;;;;1;
Ukiler Colony;;;;;;;;1;
Bodu Sowdagor Ar Bari;;;;;;;;1;
Rofik Sowdagarer Bari;;;;;;;;1;
Gafar Chowdory Ar Bari;;;;;;;;1;
Sogir Saheber Bari;;;;;;;;1;
Raja Miya Colony;;;;;;;;1;
Md. Nobir Bari;;;;;;;;1;
Ayakub Ar Bari;;;;;;;;1;
Abdul Hok sordarer Bari;;;;;;;;1;
Abu Siddike Ar Bari;;;;;;;;1;
Faruk Saheber Bari;;;;;;;;1;
Abu Bakkarer Bari;;;;;;;;1;
Echa Sordarer Bari;;;;;;;;1;
Monsur Ahameder Bari;;;;;;;;1;
Mofejer Bari;;;;;;;;1;
Ajgor Alir Bari;;;;;;;;1;
Najer saheber Bari;;;;;;;;1;
Babul Hok Sowdagarer Bari;;;;;;;;1;
Abdul Rof Ar Bari;;;;;;;;1;
Kamal Sowdagorer Bari;;;;;;;;1;
Abdur Rahmaner Ar Bari;;;;;;;;1;
Mannan Sowdagarer Bari;;;;;;;;1;
Sultan Colony;;;;;;;;1;
Sekandar Miyar Bari;;;;;;;;1;
Ayakub Alir Bari;;;;;;;;1;
Barek Miyar Colony;;;;;;;;1;
Mechi Colony;;;;;;;;1;
Denar Vaiyer Bari;;;;;;;;1;
Sholo Quarter;;;;;;;;1;
Ayakub Miyar Colony;;;;;;;;1;
Shree Shree Chottoshori Mandir;;;;;;;;1;
Fatema Manjel;;;;;;;;1;
Nurul Kobir 1262;;;;;;;;1;
Babul Pande;;;;;;;;1;
Monu Crishtan;;;;;;;;1;
Senoyara Majar Goli;;;;;;;;1;
Modubon Goli;;;;;;;;1;
Sattar Laine;;;;;;;;1;
Nuru Hafejer Bari;;;;;;;;1;
Abur Goli;;;;;;;;1;
Kajoler Dokan Goli;;;;;;;;1;
Babuler Bari;;;;;;;;1;
Boiragy Pahar-1;;;;;;;;1;
Boiragy Pahar-2;;;;;;;;1;
Moina Dege;;;;;;;;1;
ChotroLar Abasoner Pashe;;;;;;;;1;
Nuru Uddain Ar Bari;;;;;;;;1;
Majar Bari;;;;;;;;1;
Romej Colony;;;;;;;;1;
Awamer Rofik Bari;;;;;;;;1;
Faju Miyar Colony;;;;;;;;1;
Pura Veta;;;;;;;;1;
Monu Sattar Bari;;;;;;;;1;
Profesor Bari;;;;;;;;1;
Po. Md. Colony;;;;;;;;1;
Kobir O Jorina House;;;;;;;;1;
Jumur Cemena Goli;;;;;;;;1;
Kajir Dewry - 1 Goli;;;;;;;;1;
Anondo Asra Alaka;;;;;;;;1;
Profesor Colony;;;;;;;;1;
Suborna Abasek ( Kaji Manjel);;;;;;;;1;
Amir Atem Ar Basha;;;;;;;;1;
Khondokar Bari;;;;;;;;1;
Volaganj;;;;;;;;1;
Lathpur;;;;;;;;1;
Horepur Yasek Thakur Bari;;;;;;;;1;
Sorkar Bari;;;;;;;;1;
Abul Ahamed Sorkar Bari;;;;;;;;1;
Lederam Dhoper Bari;;;;;;;;1;
Air Ali Von Bari;;;;;;;;1;
Dokto Pur Moyab Miyar Bari;;;;;;;;1;
Joher Stor;;;;;;;;1;
Nuru Aden Bari;;;;;;;;1;
Nejam Ahamed;;;;;;;;1;
Sohed Nagar;;;;;;;;1;
Sohed Nagar;;;;;;;;1;
Baku Nagar Sukkur Sowdagor Ar Bari;;;;;;;;1;
Pathan Pur, Badsha Driver Ar Bari;;;;;;;;1;
Haji Ali Ahamed Sowdagor Bari;;;;;;;;1;
Abdul Salam Membarer Bari;;;;;;;;1;
Advoket Abdul Mabuder Bari;;;;;;;;1;
Jafor Ahamed Keraner Bari;;;;;;;;1;
Dolelur Rahman Ar Bari;;;;;;;;1;
Tupa Company;;;;;;;;1;
Badsha Miyar Bari;;;;;;;;1;
Eliyas Sovapoty Ar Bari;;;;;;;;1;
Joher Formaner Bari;;;;;;;;1;
Kala Molober Bari;;;;;;;;1;
Mirpur Jahangir Sordar;;;;;;;;1;
Mirur Latef Co. Abasek;;;;;;;;1;
Mirpur Foyaj Bekarir Bari;;;;;;;;1;
Bonani Housing Sosity;;;;;;;;1;
Abdul Barik Sahr Bari;;;;;;;;1;
Kasheam Membarer Bari;;;;;;;;1;
Tohseldarer Bari;;;;;;;;1;
Sakkani Saheber Bari;;;;;;;;1;
Dolelur Rahmab;;;;;;;;1;
Baler Baper Bari;;;;;;;;1;
Abdul Sobhan Hajir Bari;;;;;;;;1;
Dr. Rofeker Puraton Bari;;;;;;;;1;
Ala Miyar Baper Bari;;;;;;;;1;
Mawlana Kolelur Rahman;;;;;;;;1;
Abadullah Hajir Bari;;;;;;;;1;
Rupnagar Abasek;;;;;;;;1;
Poschim Haji Bari;;;;;;;;1;
Korim Sattar Bari;;;;;;;;1;
Nejame Hamja;;;;;;;;1;
Kala Miya Sattar Bari;;;;;;;;1;
Abur Miyar Bari;;;;;;;;1;
Amin Ullah Hajir Bari;;;;;;;;1;
Najera Bad;;;;;;;;1;
Jan Ali Nagar;;;;;;;;1;
Korim Bag;;;;;;;;1;
Ghatgor;;;;;;;;1;
Dr. Mahamuddul Hok Bari;;;;;;;;1;
Monsur Ali Sofer Bari;;;;;;;;1;
Gauseya Bari;;;;;;;;1;
Laila Baper Bari;;;;;;;;1;
Somod Ali Majir Bari Road;;;;;;;;1;
Adur {ara Majar Road;;;;;;;;1;
Kober Sah (ra.) Majar;;;;;;;;1;
Mauj Para;;;;;;;;1;
Dale Para;;;;;;;;1;
Uttor Foreder Para;;;;;;;;1;
Khoteber Para;;;;;;;;1;
Majar Gaite;;;;;;;;1;
Purbo Foreder Para;;;;;;;;1;
Foreder Para Pri. Bedhaloy Ar Pashe;;;;;;;;1;
Dokhin Foreder Para. Pra. Bedhaloy AR Pashe;;;;;;;;1;
Tal Tola;;;;;;;;1;
Kacha Bazar Road Ar Poschim;;;;;;;;1;
Kacha Bazar Road Ar Purbo;;;;;;;;1;
Modena Abasek;;;;;;;;1;
Uttor Somser Para;;;;;;;;1;
Somser Para;;;;;;;;1;
Tek Bazar;;;;;;;;1;
Bepary Para;;;;;;;;1;
Batul Tal Alaka;;;;;;;;1;
Sadhu Para;;;;;;;;1;
Mahatab Colony;;;;;;;;1;
Denar Colony, Nurul Hok Colony ;;;;;;;;1;
( Board School Ar Pashe);;;;;;;;1;
Repuyar Chowdory (Sarbaz Sthan;;;;;;;;1;
 Chowdory Barir Pashe);;;;;;;;1;
Depkok Colony;;;;;;;;1;
Sohed Para;;;;;;;;1;
Honhar Para;;;;;;;;1;
Talukdar Bari;;;;;;;;1;
Bohoddar Bari;;;;;;;;1;
Boshre Para Abdul Halim;;;;;;;;1;
Alifar Para;;;;;;;;1;
Saban Ghata;;;;;;;;1;
Kodal Kata, Khalake Pukur Par Road;;;;;;;;1;
Kola Para;;;;;;;;1;
Najer Para;;;;;;;;1;
Durga Para;;;;;;;;1;
Harechan Majir Bari;;;;;;;;1;
Reyaj Uddain Uttor Sarak, Jahanara Colony;;;;;;;;1;
Reyaj Uddain Ukil Bari;;;;;;;;1;
Enganeyar Colony;;;;;;;;1;
Male Bari;;;;;;;;1;
Boruya Para-1;;;;;;;;1;
Boruya Para-2;;;;;;;;1;
Sowguche Nath Para;;;;;;;;1;
Manik Ar Colony;;;;;;;;1;
Kalam Colony;;;;;;;;1;
Kuddus ar Colony;;;;;;;;1;
Abul Ar Colony;;;;;;;;1;
Abul Ar Colony;;;;;;;;1;
Suban Ar Colony;;;;;;;;1;
Suban Ar Colony-2;;;;;;;;1;
Nobe Ar Colony;;;;;;;;1;
Liton Ar Colony;;;;;;;;1;
Ajij Ar Colony;;;;;;;;1;
Nobi Colony;;;;;;;;1;
Kashem ar Colony;;;;;;;;1;
Abdul Kalam Ar Colony;;;;;;;;1;
Hashem Ar Colony;;;;;;;;1;
Sohed Ar Colony;;;;;;;;1;
Absar Colony;;;;;;;;1;
Kupil Ar Colony;;;;;;;;1;
Alom Gir Ar Colony;;;;;;;;1;
Nurul Alom Ar Colony;;;;;;;;1;
Belal Ar Colony;;;;;;;;1;
Soyar Ar Colony;;;;;;;;1;
Rofik Ar Colony;;;;;;;;1;
Sujon Ar Colony;;;;;;;;1;
Sohor Mollik Ar Colony;;;;;;;;1;
Ledu Ar Colony;;;;;;;;1;
Soiyod Ar Colony;;;;;;;;1;
Nuru Islam ar Colony;;;;;;;;1;
Ajad Colony;;;;;;;;1;
Ibrahim Ar Colony;;;;;;;;1;
Salam Colony;;;;;;;;1;
Ali Ar Colony;;;;;;;;1;
Abul Mistry Ar Colony;;;;;;;;1;
Yakul Colony;;;;;;;;1;
Jhawadul Colony;;;;;;;;1;
Hamid ar Colony;;;;;;;;1;
Ajgar Colony;;;;;;;;1;
Chan Miya;;;;;;;;1;
Islam Miya Colony;;;;;;;;1;
Mofajal Membar Ar Colony;;;;;;;;1;
Abu Ar Colony;;;;;;;;1;
Idris Ar Colony;;;;;;;;1;
Goni Colony;;;;;;;;1;
Sattar Membar Ar Colony;;;;;;;;1;
Joni Ar Colony;;;;;;;;1;
Rashed Ar Colony;;;;;;;;1;
Tamanna Manjel-2;;;;;;;;1;
Harun Roshid;;;;;;;;1;
Rejaul Korim;;;;;;;;1;
Usuf Colony;;;;;;;;1;
Rasel Colony;;;;;;;;1;
Jahangir Colony;;;;;;;;1;
Ali Murad;;;;;;;;1;
Rahmot Ullah Colony;;;;;;;;1;
Harun Ar Colony;;;;;;;;1;
Hedayet Manjel;;;;;;;;1;
Enganeyar Mostal;;;;;;;;1;
Jolil Colony;;;;;;;;1;
Roshid Colony;;;;;;;;1;
Jaheder Colony;;;;;;;;1;
Belal Colony;;;;;;;;1;
Jaheder Colony;;;;;;;;1;
Toiyab Colony;;;;;;;;1;
Abuler Colony;;;;;;;;1;
Idris Vara Ghor;;;;;;;;1;
Askander Colony;;;;;;;;1;
Alir Colony;;;;;;;;1;
Abul Kalamer Vara Ghor;;;;;;;;1;
Allah Ar Dan Colony;;;;;;;;1;
Nuru Colony;;;;;;;;1;
Kobor;;;;;;;;1;
Fokir;;;;;;;;1;
Badsha;;;;;;;;1;
Lallu Colony;;;;;;;;1;
Vandary Colony;;;;;;;;1;
Mujar Colony- 1,2;;;;;;;;1;
Manik Colony;;;;;;;;1;
Nojrul Colony;;;;;;;;1;
Soheder Colony;;;;;;;;1;
Sohedullah Colony;;;;;;;;1;
Joinal Abedin;;;;;;;;1;
Chotoner Colony;;;;;;;;1;
Mokaddam Colony;;;;;;;;1;
Seraj Chokolo;;;;;;;;1;
Bostee Sahjahan;;;;;;;;1;
Al Haj Nur Colony;;;;;;;;1;
Amad Ganj Colony;;;;;;;;1;
Akas Colony;;;;;;;;1;
Ponder Bari Colony;;;;;;;;1;
Arekin Colony;;;;;;;;1;
Rafe Colony;;;;;;;;1;
Kanu Usuf;;;;;;;;1;
Ovi Colony;;;;;;;;1;
sajahan Van;;;;;;;;1;
Fokir Colony;;;;;;;;1;
Ali;;;;;;;;1;
Nasir colony;;;;;;;;1;
Bosoteyar Colony;;;;;;;;1;
Foisal Colony;;;;;;;;1;
Sajjad Colony;;;;;;;;1;
Ma Colony;;;;;;;;1;
Perfa Colony;;;;;;;;1;
Sakib Colony;;;;;;;;1;
Maheuddain;;;;;;;;1;
Najib Colony;;;;;;;;1;
Roton Colony;;;;;;;;1;
Nayem;;;;;;;;1;
Tanver Colony;;;;;;;;1;
Kolom Kali;;;;;;;;1;
Akas Hossain;;;;;;;;1;
Harun Colony;;;;;;;;1;
Forkan;;;;;;;;1;
Amena Begum;;;;;;;;1;
Sahjahan;;;;;;;;1;
Moni Colony;;;;;;;;1;
Noman Colony;;;;;;;;1;
Masjeed Sonlogno Majarer Gatw Ar Pashe;;;;;;;;1;
Unus Colony;;;;;;;;1;
Tanver Colony;;;;;;;;1;
Sobuj Colony;;;;;;;;1;
Mousumi Colony;;;;;;;;1;
Mintu Colony;;;;;;;;1;
Profesor Colony;;;;;;;;1;
Tanver Colony;;;;;;;;1;
Lal Miya Colony;;;;;;;;1;
Tajem Colony;;;;;;;;1;
Raihan Colony;;;;;;;;1;
Salauddain Colony;;;;;;;;1;
Sekandar Colony;;;;;;;;1;
Ahad Colony;;;;;;;;1;
Ajad Colony;;;;;;;;1;
Parag Colony;;;;;;;;1;
Kala Sumoner Bari;;;;;;;;1;
Amena Begom Ar Bari;;;;;;;;1;
Rofek Chowdory Bari;;;;;;;;1;
Kutub Saheber Bari;;;;;;;;1;
Mehedi Ar Bari;;;;;;;;1;
Yasin Ali Bari;;;;;;;;1;
Mohajoner Bari;;;;;;;;1;
Babuler Bari;;;;;;;;1;
Seddek Saheber Bari;;;;;;;;1;
Babur Bari;;;;;;;;1;
Nurul Hoker Bari;;;;;;;;1;
Saleho Ahamed Ar Bari;;;;;;;;1;
Khalek Saheber Bari;;;;;;;;1;
Jomer Saheber Bari;;;;;;;;1;
Milol Master Ar Bari;;;;;;;;1;
Peyarar;;;;;;;;1;
Miloner Bari;;;;;;;;1;
Hok Saheber;;;;;;;;1;
Faruk Saheber Bari;;;;;;;;1;
amjad Hajarer Bari;;;;;;;;1;
Usuf saheber Bari;;;;;;;;1;
Hajarer Bari;;;;;;;;1;
Nasimar Bari;;;;;;;;1;
Cristan Bari;;;;;;;;1;
Hasenar Bari;;;;;;;;1;
Seddek Saheber Bari;;;;;;;;1;
Satkaneya Colony;;;;;;;;1;
Uttor Para Abuler Bari;;;;;;;;1;
Doyamor Kali Monder;;;;;;;;1;
Hajera Begom (Masjid Goli);;;;;;;;1;
Gosna 14 No. Goli;;;;;;;;1;
Kashem Ar Bari Masjed Golir Poschim Pashe;;;;;;;;1;
14 No. Goli Mejler Bari;;;;;;;;1;
Munse Bari;;;;;;;;1;
Khalek Josemer Bari;;;;;;;;1;
Sultanar Bari;;;;;;;;1;
5 No. Goli;;;;;;;;1;
Kashem Hufaker Bari, 5No. Goli;;;;;;;;1;
Jorna Para;;;;;;;;1;
Jorna Para;;;;;;;;1;
Rafur Company Ar Bari;;;;;;;;1;
Mohobub Saheber Bari;;;;;;;;1;
Milon Saheber Bari;;;;;;;;1;
Tanker Pahar (Amir Hossain Ar Bari);;;;;;;;1;
Khalifar Bari;;;;;;;;1;
Deloyar(Mach Bazar);;;;;;;;1;
Momotaj Begam Ar Bari;;;;;;;;1;
Sadhu Majir Bari;;;;;;;;1;
Shiv Monder 1No. Goli;;;;;;;;1;
Rejur Goli;;;;;;;;1;
Ajahar Miyar Bari;;;;;;;;1;
Talachabir Bari;;;;;;;;1;
Someter Bari;;;;;;;;1;
Lokmaner Bari (Mach Bazar);;;;;;;;1;
Amaner Bari ( Mach Bazar);;;;;;;;1;
Foreder Bari (Hossain Saheber Goli);;;;;;;;1;
Jaforer Bari (4No. Goli);;;;;;;;1;
Badol Babur Bari;;;;;;;;1;
Amir Hossain(3 No. Goli);;;;;;;;1;
Soheder Bari ( Mach Bazar);;;;;;;;1;
Kamal Saheber Bari (3No. Goli);;;;;;;;1;
Foreder Bari(Mach Bazar);;;;;;;;1;
P.W.D Colony;;;;;;;;1;
Sali Para Colony;;;;;;;;1;
3 No. Goli (Sohag Ar Ma);;;;;;;;1;
2 No. Goli;;;;;;;;1;
1 No. Goli (Milon);;;;;;;;1;
Ajij Colony;;;;;;;;1;
Tultuli, Balur Math Mahabub Bari;;;;;;;;1;
Abul Baper Colony;;;;;;;;1;
Anis Sowdagor Ar Bari;;;;;;;;1;
Abul Khayer Ar Colony;;;;;;;;1;
Prem Colony;;;;;;;;1;
Selim Colony;;;;;;;;1;
Badsha Miya Colony;;;;;;;;1;
Tofajal Hajir Bari;;;;;;;;1;
Mojaher Colony;;;;;;;;1;
Nobab Colony;;;;;;;;1;
Nur Sattar Colony;;;;;;;;1;
Selim Saheber Colony;;;;;;;;1;
Chairman Colony;;;;;;;;1;
Samsur Colony;;;;;;;;1;
Balur Math;;;;;;;;1;
Besmillah Colony;;;;;;;;1;
Nurbanur Colony;;;;;;;;1;
Abu Sowdagor Colony;;;;;;;;1;
Usufer Colony;;;;;;;;1;
Joref Ali Membor Colony;;;;;;;;1;
Anoyar Khan Colony;;;;;;;;1;
Vellaro Barir Colony;;;;;;;;1;
Kuddus Kerany Colony;;;;;;;;1;
Harun Saheber Colony;;;;;;;;1;
Haji Jan Muhammad;;;;;;;;1;
Jakir Hossain Bilding;;;;;;;;1;
Lotef So. Colony;;;;;;;;1;
Kore Haji Colony;;;;;;;;1;
Belamone Bari;;;;;;;;1;
Mofej Membar Bari;;;;;;;;1;
Kamal Saheber Colony;;;;;;;;1;
Golam Kader Colony;;;;;;;;1;
Golam Kader Masjed;;;;;;;;1;
Sultan Chowdory Colony;;;;;;;;1;
Khana Mokbul Ar Bari;;;;;;;;1;
Islam Kha Sattar Colony;;;;;;;;1;
S.M Found Star Strin Village;;;;;;;;1;
Muslim Khan Colony;;;;;;;;1;
Mojib Colony;;;;;;;;1;
Selim Colony;;;;;;;;1;
Chowdory Colony;;;;;;;;1;
Salma Manjel Colony;;;;;;;;1;
Dr. Forid Saheber Colony;;;;;;;;1;
Abdul Sobur Colony;;;;;;;;1;
Abedin Colony;;;;;;;;1;
Nurul Hok Colony;;;;;;;;1;
Abu Taher Colony;;;;;;;;1;
Islam Saheber Colony;;;;;;;;1;
Jafor colony;;;;;;;;1;
Pura Colony;;;;;;;;1;
Yasin Saheber Colony;;;;;;;;1;
Master Bari;;;;;;;;1;
Yasin Saheber Colony;;;;;;;;1;
Kashem Membarer Colony;;;;;;;;1;
Anoyar Khan Colony;;;;;;;;1;
Idres Colony;;;;;;;;1;
Ahmod Colony;;;;;;;;1;
Bale Sattar Colony;;;;;;;;1;
Ajijer Barir Asha Pasha Colony;;;;;;;;1;
Alom Mansion;;;;;;;;1;
Josim Colony;;;;;;;;1;
Abdul Sukkur Ar Bari;;;;;;;;1;
Seraj Colony;;;;;;;;1;
Rencher Colony;;;;;;;;1;
Mojumder Colony;;;;;;;;1;
Mintur Bari;;;;;;;;1;
Kholellur Rahman Ar Bari;;;;;;;;1;
S.S Samsuddain Vela;;;;;;;;1;
Kader Manjel;;;;;;;;1;
Selim Uddain;;;;;;;;1;
M.A Naserer Bari;;;;;;;;1;
Abdul Motin;;;;;;;;1;
Late. Tonamjd ali Ar Bari;;;;;;;;1;
Moslot Khan Ar Bari;;;;;;;;1;
Roton Babur Building;;;;;;;;1;
Iqbal Vela;;;;;;;;1;
Momen Haji;;;;;;;;1;
Jalal Colony;;;;;;;;1;
Buraya Goli;;;;;;;;1;
Kebriyar Bari;;;;;;;;1;
Salauddain Ar Colony;;;;;;;;1;
Mauch Vandary Ar Nebas;;;;;;;;1;
Kautola Abu Hanef Ar Bari;;;;;;;;1;
Md. Soref Ar Bari;;;;;;;;1;
Late. Ser Alir Bari;;;;;;;;1;
Romeja Khatun;;;;;;;;1;
Dudu Miyar Bari;;;;;;;;1;
Roman Ullah Bari;;;;;;;;1;
Haji Rohmot Ullah;;;;;;;;1;
Moner Ahameder Bari;;;;;;;;1;
Sebok Colony;;;;;;;;1;
Mowlobe Colony;;;;;;;;1;
Daimond Kho;;;;;;;;1;
Nur Anoyar;;;;;;;;1;
Sahadul Hok Ar Bari;;;;;;;;1;
Idres Saheber Bari;;;;;;;;1;
Barder Bari;;;;;;;;1;
Ajad Masjed Ar Pichone;;;;;;;;1;
Cuccha Para-1;;;;;;;;1;
Behare Para;;;;;;;;1;
Cuccha Para-2;;;;;;;;1;
Kobi Gunakar lain;;;;;;;;1;
Jahangir Saheber Bari;;;;;;;;1;
Kaji Para;;;;;;;;1;
Abul Sor Ar Bari;;;;;;;;1;
Sofek Saheber Colony;;;;;;;;1;
Kaji Para-1;;;;;;;;1;
Kaji Para-2;;;;;;;;1;
Bosunna Colony;;;;;;;;1;
Behare Basha;;;;;;;;1;
Bode Alomer Bari;;;;;;;;1;
Borhaner Bari;;;;;;;;1;
Kanchon Ar Colony;;;;;;;;1;
Chairman Colony;;;;;;;;1;
Peskaya Bari;;;;;;;;1;
Rofik Comisonar Ar Basha;;;;;;;;1;
Ali Fokerer Bari;;;;;;;;1;
Jahangir Colony;;;;;;;;1;
Sowkot Saheber Colony;;;;;;;;1;
3 No. Goli;;;;;;;;1;
Dula Miya Goli;;;;;;;;1;
C.M.B Colony;;;;;;;;1;
Dhopa Para;;;;;;;;1;
Sofy Crinte Colony;;;;;;;;1;
Badsha Miya Brif Filde;;;;;;;;1;
Islam Miyar Brick Field;;;;;;;;1;
Baly Colony;;;;;;;;1;
D.T Road Rail Det;;;;;;;;1;
Baly Colony;;;;;;;;1;
Samsul Alom Colony;;;;;;;;1;
Foyej Colony;;;;;;;;1;
Singapur Colony;;;;;;;;1;
Baten Saheber Colony-Rahman Bag;;;;;;;;1;
Majar Bari Sonlogno;;;;;;;;1;
Hajany Pukur Par;;;;;;;;1;
Ladur O Selim Colony;;;;;;;;1;
Amir O Hossain Ar Colony;;;;;;;;1;
Najer Majir Lain Sonlogno;;;;;;;;1;
Sesu Kobor Esthan Ar Pashe;;;;;;;;1;
Abul Hossain O Ruhul Amin Bai Lain;;;;;;;;1;
Amir Mowdadayer Bostee;;;;;;;;1;
Raja Mikray Moyamir Bari;;;;;;;;1;
Abu Basharer Vara Bari;;;;;;;;1;
Mofej Dawaner Vara Bari;;;;;;;;1;
Mowlana Munshe Miyar Bari;;;;;;;;1;
Badsha Miyar Bari;;;;;;;;1;
Aram Miyar Vara Ghor;;;;;;;;1;
Fojlul Hak Hajir Puraton Bari;;;;;;;;1;
Samsur Uddain Ar Moholla;;;;;;;;1;
Jahever Ar Vara Bari;;;;;;;;1;
Raja Miya Suyamer Bari;;;;;;;;1;
Del Madborer Bari;;;;;;;;1;
Mahamud Alir Vara Ghor;;;;;;;;1;
Dulhan Miyar Vara Ghor;;;;;;;;1;
Nesar ahmeder Vara Bari;;;;;;;;1;
Kalam Miyar Vara Bari;;;;;;;;1;
Saleh Ahamod Sattar Bari Ar Purbo Pashe;;;;;;;;1;
Abedeya Sorkary Prathomik Bedaloy Ar Poschim Pashe;;;;;;;;1;
Kather Masjeed Ar Korob Esthan Ar Pashe;;;;;;;;1;
Kather Masjeed Ar Purbo Pashe;;;;;;;;1;
Mayes Khali Khaler Poschem Deke;;;;;;;;1;
Jambury Math Ar Dokhin Pashe;;;;;;;;1;
Bastu Hara Dokhin Pashe;;;;;;;;1;
Bastu Hara Masjeder Uttor Pashe;;;;;;;;1;
Bahu tola Colonyr Pashem Pashe;;;;;;;;1;
Sorkary Prathomik Bedhaloy Ar Dokhin Pashe;;;;;;;;1;
G-10-A Bilding Ar Poschim Pashe;;;;;;;;1;
9 No. Mather Ar Dokhin Pashe;;;;;;;;1;
Masjeed Ar Dokhin Pashe;;;;;;;;1;
Ma O Sisu Hospital Ar Purbo Pashe;;;;;;;;1;
C And B Colony Ar Purb Pashe;;;;;;;;1;
Sonaly Bank Colony Ar Purbo Pashe;;;;;;;;1;
Malum Masjed 1 No. Goli;;;;;;;;1;
Malum Masjed 2 No. Goli;;;;;;;;1;
Malum Masjed 3 No. Goli;;;;;;;;1;
Sobe Para;;;;;;;;1;
Purbo Madaybari;;;;;;;;1;
Pekason;;;;;;;;1;
Islamiya Collage;;;;;;;;1;
Comisonar Office;;;;;;;;1;
Khalek Con Bari;;;;;;;;1;
Counselar Office;;;;;;;;1;
Ebbot Goli;;;;;;;;1;
Bosor Miyar Bari;;;;;;;;1;
Cangoli Para;;;;;;;;1;
Sordar Goli;;;;;;;;1;
Monu Samsur Lain;;;;;;;;1;
Monu Samsur Lain;;;;;;;;1;
Malum Masjed Alaka;;;;;;;;1;
Malum Masjed Alaka;;;;;;;;1;
Monu Samsur Lain Alaka;;;;;;;;1;
Monu Samsur Lain Alaka;;;;;;;;1;
Sab Para;;;;;;;;1;
Sab Para;;;;;;;;1;
Sab Para;;;;;;;;1;
Sab Para;;;;;;;;1;
Islamiya Collage;;;;;;;;1;
Unej Miya School Goli;;;;;;;;1;
Nargis Colony;;;;;;;;1;
Badsha Miya Colony;;;;;;;;1;
Sekandar Colony;;;;;;;;1;
Lavlu;;;;;;;;1;
Choto Moilar Bel;;;;;;;;1;
Sowdagor Lain;;;;;;;;1;
Nurul Hok Mastar Lain;;;;;;;;1;
Koshai Colony;;;;;;;;1;
Komisonar Goli;;;;;;;;1;
Barma Masjed Ar Purbo Pashe;;;;;;;;1;
Barma Masjeder Dokhin Pashe;;;;;;;;1;
Purbo Para Jele Para;;;;;;;;1;
Poschim Jele Para;;;;;;;;1;
Kamal Gate;;;;;;;;1;
Baitul Jannat Masjed Lain;;;;;;;;1;
Md. Abdur Roshed Lain;;;;;;;;1;
Vandary Goli Colony;;;;;;;;1;
Sebok Colony/ Muslim Colony;;;;;;;;1;
Majir Goli;;;;;;;;1;
Amjad Deputer Bari;;;;;;;;1;
Majir Ghat;;;;;;;;1;
Sorkar Pukur;;;;;;;;1;
Kober Maji Golli;;;;;;;;1;
Bareya Workshop;;;;;;;;1;
Korai Para;;;;;;;;1;
Dpst Bilding Ar Bosoty;;;;;;;;1;
sabereb Bari;;;;;;;;1;
Rowshan Loj, Sowdagar Bari;;;;;;;;1;
Md. Ali Bari;;;;;;;;1;
Jahangir Bari;;;;;;;;1;
Akbor Baburche;;;;;;;;1;
Baburche Bari;;;;;;;;1;
Dokhin Nala Para;;;;;;;;1;
Moroyare Colony, 18 No. Uttor Nala Para;;;;;;;;1;
Baburche Mar Colony;;;;;;;;1;
Dokhin Nala Para;;;;;;;;1;
Mayet Para;;;;;;;;1;
Haji Bari;;;;;;;;1;
Rail Colony;;;;;;;;1;
Poschim Para;;;;;;;;1;
Monsob Ala;;;;;;;;1;
Borisal Ghat Colony;;;;;;;;1;
D. S.P Golli;;;;;;;;1;
Basto Hara-1;;;;;;;;1;
Basto Hara-2;;;;;;;;1;
Station Colony-1;;;;;;;;1;
Station Colony-2;;;;;;;;1;
Station Colony-3;;;;;;;;1;
Station Colony-4;;;;;;;;1;
Station Colony-5;;;;;;;;1;
Station Colony-7;;;;;;;;1;
Station Colony-9;;;;;;;;1;
Station Colony-8;;;;;;;;1;
Narekel Tola;;;;;;;;1;
S.B Nagar (3);;;;;;;;1;
S.B Nagar;;;;;;;;1;
S.B Nagar (2);;;;;;;;1;
BW-01;;;;;;;;1;
BW-04;;;;;;;;1;
Paner Tan KE;;;;;;;;1;
BW-03;;;;;;;;1;
Eid Gha;;;;;;;;1;
Islam Sorok;;;;;;;;1;
Madrasha;;;;;;;;1;
5 No. Lase;;;;;;;;1;
4 No. Lase;;;;;;;;1;
2 No. Lase;;;;;;;;1;
Bagan Bari (Deloyar Ar Bari);;;;;;;;1;
Bagan Bari (Shamim Ar Bari);;;;;;;;1;
Nadir Saheb Colony;;;;;;;;1;
Bagan Bari;;;;;;;;1;
4 No. Lain Road Ar Pashe;;;;;;;;1;
5 No. Sheb Maha;;;;;;;;1;
Axen Colony;;;;;;;;1;
Sanoyar Colony;;;;;;;;1;
Anoyar Colony;;;;;;;;1;
Ajad Colony;;;;;;;;1;
Miler Par;;;;;;;;1;
Master Lain Colony;;;;;;;;1;
Hindu Para Colony;;;;;;;;1;
Master Lain Lala Para;;;;;;;;1;
Jabed Ali Colony;;;;;;;;1;
Hasan Colony;;;;;;;;1;
Habib Colony;;;;;;;;1;
Dijel Colony;;;;;;;;1;
Jhau Tola Colony;;;;;;;;1;
Jhau Tola Colony Mather Side;;;;;;;;1;
Rofik Colony;;;;;;;;1;
Dejel Colony Dan Pash;;;;;;;;1;
New Jautola Colony;;;;;;;;1;
Bari Bagan  Rasta 10 Dan Pash;;;;;;;;1;
Sinnamul;;;;;;;;1;
Sokhenar Mar Bari;;;;;;;;1;
Master Colony;;;;;;;;1;
Publi Math Pukur Par;;;;;;;;1;
Publi Math Ar Pashe;;;;;;;;1;
Mintu Colony;;;;;;;;1;
Lal Mintu Colony;;;;;;;;1;
Masud Colony;;;;;;;;1;
Dokhin Lal Para;;;;;;;;1;
Dokhin Lal Para;;;;;;;;1;
Uttor Lal Para;;;;;;;;1;
Uttor Lal Para 2 Dan Pash;;;;;;;;1;
Kuyar Par;;;;;;;;1;
Kuyar Mather Pichone;;;;;;;;1;
Kuyar Math;;;;;;;;1;
Hindu Para Dan Pash;;;;;;;;1;
8 No. Hondu Para;;;;;;;;1;
Hindu Para Bam Pash;;;;;;;;1;
Hindu Para;;;;;;;;1;
Verij;;;;;;;;1;
5 No. Line Ses;;;;;;;;1;
Saluddain Ar Bari;;;;;;;;1;
Kalam Colony;;;;;;;;1;
9 No. Laine Ses;;;;;;;;1;
Ax An Colony;;;;;;;;1;
Jawtola Rail Line Colony;;;;;;;;1;
Sordar Rahadur Colony;;;;;;;;1;
Sordar Rahadur Colony;;;;;;;;1;
Jawtola Rail Line Colony;;;;;;;;1;
Jawtola Rail Line Colony;;;;;;;;1;
BJIM;;;;;;;;1;
Jawtola Bazar;;;;;;;;1;
Station Colony;;;;;;;;1;
Station Ar Shamne;;;;;;;;1;
Ticket Printin Gha;;;;;;;;1;
Ticket Bilding;;;;;;;;1;
School Ar Shamne;;;;;;;;1;
Modhu Bhabir Astana;;;;;;;;1;
Krishchura;;;;;;;;1;
See- Beach;;;;;;;;1;
West Khulse;;;;;;;;1;
West Khulse 2;;;;;;;;1;
West Khulse 3;;;;;;;;1;
Sordar Bahadur Nagar Colony;;;;;;;;1;
Comisonar Office Ar Pashe;;;;;;;;1;
Majar Colony;;;;;;;;1;
Am Bagar Atar Mil;;;;;;;;1;
Rofik Sattar Nagar Colony;;;;;;;;1;
Station Colony;;;;;;;;1;
Shel Colony;;;;;;;;1;
Gosiel Danga Kali Bari;;;;;;;;1;
Ajij Miya Masjeed Colony;;;;;;;;1;
Majar Golli;;;;;;;;1;
Boro Bari Poli Thin Colony;;;;;;;;1;
Thanda Miyar Bari Colony;;;;;;;;1;
Rohenga Para Bostee;;;;;;;;1;
Haddi Sha Majar Gach Tola;;;;;;;;1;
Bari Shamne Kashem Colony;;;;;;;;1;
Abdur Salam Fokir Masjeed Colony;;;;;;;;1;
Purbo Nimtola Khal Par;;;;;;;;1;
Morhum Saleha Johur Driver;;;;;;;;1;
Abdul Hakim Bancker Ar Bari;;;;;;;;1;
Deyar Para;;;;;;;;1;
Khoirate Maji Line;;;;;;;;1;
Poschim Nimtola Bacha Miya Line;;;;;;;;1;
Mohes Khali Khalpar Soleman Colony;;;;;;;;1;
Fokir Muhammad Sattar Para;;;;;;;;1;
Anar Ali Munse Para;;;;;;;;1;
Ali Majir Para;;;;;;;;1;
Korban Ali Godor Para;;;;;;;;1;
Supi Para;;;;;;;;1;
Hondol Para;;;;;;;;1;
Boro Mibar Puraton Bari Road;;;;;;;;1;
Momota Golli;;;;;;;;1;
Jele Para;;;;;;;;1;
Rail Line;;;;;;;;1;
Rail Line -2;;;;;;;;1;
Nurul Goni Para;;;;;;;;1;
Siment Crosing Puraton Saite Para;;;;;;;;1;
Sadraji Sha Para;;;;;;;;1;
Almol Ali Road;;;;;;;;1;
Narikel Tola Notun Site Para;;;;;;;;1;
Nabek Colony Bostee;;;;;;;;1;
Betary Colony;;;;;;;;1;
Mahabu Colony;;;;;;;;1;
Bojol Ar Colony;;;;;;;;1;
Miyar Cha Ar Dokan;;;;;;;;1;
Mojid Sottor Ar Bari;;;;;;;;1;
Akbor Ali Sattar Bari;;;;;;;;1;
Sugondha Abasek Treks Asten Ar Goli;;;;;;;;1;
Munsur Vhela;;;;;;;;1;
Babul Ar Colony;;;;;;;;1;
Badsha Miya Sotto Ar Bari;;;;;;;;1;
Kamal Sotto Ar Colony;;;;;;;;1;
Ferdos Colony;;;;;;;;1;
Abdul Hok Sotto Ar Colony;;;;;;;;1;
Rofik Sattor Ar Colony;;;;;;;;1;
Fojul Hajir Colony;;;;;;;;1;
Jost Mahmud Bari;;;;;;;;1;
Lomba Colony;;;;;;;;1;
Debe lalur Bari;;;;;;;;1;
C And B Pol Pem Colony;;;;;;;;1;
Laila Baper Bari;;;;;;;;1;
Robban Colony;;;;;;;;1;
Ainal Bepary Bari;;;;;;;;1;
Monu Beli Baper Bari;;;;;;;;1;
Lailla Baper Bari;;;;;;;;1;
Miyar Baper Bari;;;;;;;;1;
Kopil Uddain Ar Bari;;;;;;;;1;
Aseyar Baper Bari;;;;;;;;1;
Bojol Contractor Ar Bari;;;;;;;;1;
Sordar Colonu Jonokollan;;;;;;;;1;
Sordar Colony;;;;;;;;1;
Santo Nagar;;;;;;;;1;
Malek Sotto Colony;;;;;;;;1;
MD. Hossain Colony;;;;;;;;1;
Pintu Colony;;;;;;;;1;
Pora Colony;;;;;;;;1;
Shaha Amanot;;;;;;;;1;
Ajahar Khalifar Bari;;;;;;;;1;
Haji Sorif Colony;;;;;;;;1;
Ismayel Kamal Colony;;;;;;;;1;
Raja Miyar Colony;;;;;;;;1;
Lengar Colony;;;;;;;;1;
Bampar Colony;;;;;;;;1;
Alir Baper Bari;;;;;;;;1;
Samsu Colony;;;;;;;;1;
Amir Hossain Sotto Ar Bari;;;;;;;;1;
Ami Colony;;;;;;;;1;
Shek Ahomed Membar Bari;;;;;;;;1;
Khairun Presbarer Bari;;;;;;;;1;
Mojeb Colony;;;;;;;;1;
Kala Miya Colony;;;;;;;;1;
Mosharof Ali Munser Bari;;;;;;;;1;
Bagha Para;;;;;;;;1;
Khal Par;;;;;;;;1;
Block A;;;;;;;;1;
Block D Baitul Mamur Jame Masjeed;;;;;;;;1;
B Block;;;;;;;;1;
Che Block;;;;;;;;1;
Haji Nur Box Sotto Barir Vetorer Chand Miya Bari;;;;;;;;1;
Cherag Fokirer Bari;;;;;;;;1;
Cherag Fokirer Bari;;;;;;;;1;
Haju Nur Box Sotto Bari;;;;;;;;1;
Mahmuda Baper Bari;;;;;;;;1;
Ful Kolir Pashe;;;;;;;;1;
Nur Ahomed Colony;;;;;;;;1;
Mannan O Ishak Colony;;;;;;;;1;
Abur Bper Colony;;;;;;;;1;
Khal Par Colony;;;;;;;;1;
Kurtta Bagan Colony;;;;;;;;1;
Usuf Coi Bari;;;;;;;;1;
Jorina Baper Bari;;;;;;;;1;
Ukil Ar Cholir Bari;;;;;;;;1;
Ojiullah Mastar Ar Bari;;;;;;;;1;
D,S,P Ar Bari;;;;;;;;1;
Samsur Hudar Colony;;;;;;;;1;
Jela para;;;;;;;;1;
Sen Bari;;;;;;;;1;
Mukem Talukdar Bari;;;;;;;;1;
Ali Chand Bari;;;;;;;;1;
Beshas Para;;;;;;;;1;
Bror Kali Bari;;;;;;;;1;
Choto Kali Bari;;;;;;;;1;
Kutub Bari;;;;;;;;1;
Chowdory Bari;;;;;;;;1;
Monmiya Jiyar Bari;;;;;;;;1;
Inar Poki Bari;;;;;;;;1;
Fojol Contacter Bari;;;;;;;;1;
Bosher Ahmed Bari;;;;;;;;1;
New Musrabad;;;;;;;;1;
Saher Para;;;;;;;;1;
CDA;;;;;;;;1;
Ascharjo Para;;;;;;;;1;
Nur Muhammad Bari;;;;;;;;1;
Uttor Inar Gaji Bari;;;;;;;;1;
Munsura Bad;;;;;;;;1;
Koi Bepladam;;;;;;;;1;
Munsura Bad;;;;;;;;1;
Najir Bari;;;;;;;;1;
Munse Par;;;;;;;;1;
Agra Para;;;;;;;;1;
Shah Afjal Fokir Bari;;;;;;;;1;
FulChow. Para;;;;;;;;1;
Akbar Ali Jame Masijd chow. para;;;;;;;;1;
Dr. Idis Commissioner Bari;;;;;;;;1;
Mutun Site Rutiwalar Bari;;;;;;;;1;
Sabe Hajir Bari;;;;;;;;1;
Police Farir road;;;;;;;;1;
Sagor Par Road;;;;;;;;1;
Pora Colony Haji school;;;;;;;;1;
Pora Colony;;;;;;;;1;
Abbas Para;;;;;;;;1;
Ali Al Kha Bari;;;;;;;;1;
Nathpara Kali mandir;;;;;;;;1;
Notun Para majhir Bari;;;;;;;;1;
CMD Godown Pashe;;;;;;;;1;
Sekadarer Bari G Block;;;;;;;;1;
Kader Colony;;;;;;;;1;
Sundhobi, Boobari;;;;;;;;1;
Peyar Box mistrir Bari;;;;;;;;1;
Fajlul Haquer Bari Jhorna maa Colony;;;;;;;;1;
Salam master Bari;;;;;;;;1;
Boshkumiar Bari;;;;;;;;1;
Rotubompapiyo Bari;;;;;;;;1;
Abdul Hamid Subadar Bari;;;;;;;;1;
Aziz miabari;;;;;;;;1;
Abdul mannan Bari;;;;;;;;1;
Kamal Dr. Bari;;;;;;;;1;
Neowa Bari;;;;;;;;1;
Idris mia Bari;;;;;;;;1;
Bali Chara Socity;;;;;;;;1;
Rohmot Hajir Bari;;;;;;;;1;
Ala Miya Mistry Bari;;;;;;;;1;
Haji Rohmot Alir Bari;;;;;;;;1;
Raja Mistry, Comisonar Bari;;;;;;;;1;
Mohajon Para;;;;;;;;1;
Ahamod Ali Hajir Bari;;;;;;;;1;
Vuleya Para, Nath Bari;;;;;;;;1;
Mohure Bari, Deyaje Bari;;;;;;;;1;
Haji Para;;;;;;;;1;
Jomadar Bari;;;;;;;;1;
Khaja Road;;;;;;;;1;
Wabda Gate Bepary Para;;;;;;;;1;
Bojol Ahamed Ae Bari;;;;;;;;1;
Malek Colony Chadne Hol Sonlogo;;;;;;;;1;
Haji Johurul Ajim Ar Bari;;;;;;;;1;
Shekh Ahamed Colony;;;;;;;;1;
Ondo Colony;;;;;;;;1;
Amanot Colony;;;;;;;;1;
Betaleon Pahar;;;;;;;;1;
Betaleon Bokhare Colony;;;;;;;;1;
Bayejed Driver Colony;;;;;;;;1;
Dhone Pahar;;;;;;;;1;
C And B Colony;;;;;;;;1;
Master Babar Dorbar;;;;;;;;1;
Barma Colony;;;;;;;;1;
Bayejed Poschim Barma Colony;;;;;;;;1;
Shersha Sorkare Colony;;;;;;;;1;
Shersha Housing C O D Bilding Ar Shamne;;;;;;;;1;
Akbor colony;;;;;;;;1;
Shersha Housing A-B Building Ar Pichone;;;;;;;;1;
Shersha Housing Estate F/E Thaka F/O Pojonto;;;;;;;;1;
Hossain Ahamed;;;;;;;;1;
Barek Haji;;;;;;;;1;
Abu Muhammad Chowdory Ar Colony;;;;;;;;1;
Rustom Haji;;;;;;;;1;
Kolemullah Haji Colony;;;;;;;;1;
Nelachol Housing;;;;;;;;1;
Beltola Romantic Moor Kobor Sthan;;;;;;;;1;
Nurul Hudar Colony;;;;;;;;1;
Chowdory Gor Ali;;;;;;;;1;
Sonale Proparty Khamar Bari;;;;;;;;1;
Bonane Atro;;;;;;;;1;
Boro Bank Pahar Colony;;;;;;;;1;
Kola Bagan;;;;;;;;1;
Shamol Chaya Ali;;;;;;;;1;
Kutuber Colony;;;;;;;;1;
Dedar Housing;;;;;;;;1;
Babul Saheber Colony;;;;;;;;1;
Chondon Nagar;;;;;;;;1;
Mojfar Nagar;;;;;;;;1;
Bolbelas Pahar;;;;;;;;1;
Khulse Garden;;;;;;;;1;
Kathal Bagan;;;;;;;;1;
Jed-A- Abashon;;;;;;;;1;
Segun Bagan;;;;;;;;1;
Arshat Nagar;;;;;;;;1;
Muktejodda Colony Block-1;;;;;;;;1;
Muktejodda Colony Block-2;;;;;;;;1;
Janur Baper Khamar Bari;;;;;;;;1;
Besho Kobor Sthan;;;;;;;;1;
Arfen Bazar Block-1;;;;;;;;1;
Comisonar Colony;;;;;;;;1;
Arfen Bazar Block-2;;;;;;;;1;
Betuya;;;;;;;;1;
Taltola, Islampur;;;;;;;;1;
Pahareka Somete;;;;;;;;1;
Debdeber Cona;;;;;;;;1;
Majer Cona;;;;;;;;1;
Sher sha Colony;;;;;;;;1;
Arshad Nagar, Chondro Nagar;;;;;;;;1;
Islampur, Merpara;;;;;;;;1;
Goyase Bagan;;;;;;;;1;
Lichu Bagan;;;;;;;;1;
Kola Bagan;;;;;;;;1;
Munshe Pukur Par;;;;;;;;1;
Uddu Goli;;;;;;;;1;
Kale Road;;;;;;;;1;
Badha Madob Akhera;;;;;;;;1;
Sha Lain Rongepara;;;;;;;;1;
Muhammad Ali Sah Laine;;;;;;;;1;
Abdul Hakem Sowdagor Lain;;;;;;;;1;
Deraj Miya Lain;;;;;;;;1;
Anoyar Colony;;;;;;;;1;
Golam Rahman Lain;;;;;;;;1;
Brakhon Para;;;;;;;;1;
Chondo Pura, Bodor Colony;;;;;;;;1;
Chondopura B. Mokbul, Hossain Lain;;;;;;;;1;
Gur Saheb Road;;;;;;;;1;
Officer Kalam Colony;;;;;;;;1;
Jabed Colony;;;;;;;;1;
Ful Bagan;;;;;;;;1;
Deb Pahar Bostee Alaka;;;;;;;;1;
Staf Quarter Collage;;;;;;;;1;
Sona Miya Colony;;;;;;;;1;
Saber Ahamed Colony;;;;;;;;1;
Rasel Colony;;;;;;;;1;
Kali Bari;;;;;;;;1;
Edris Kaji Mi Colony;;;;;;;;1;
Haidar Ali Membar Bari;;;;;;;;1;
Anu Miya Colony;;;;;;;;1;
Foju Miya Colony;;;;;;;;1;
S. Kandar Colony;;;;;;;;1;
Ambeya Colony;;;;;;;;1;
Majar Bari;;;;;;;;1;
Ajij Sattar Bari;;;;;;;;1;
Ali Ahamed Bari;;;;;;;;1;
Arman Sattar Bari;;;;;;;;1;
Abu Tahar Sattar Bari;;;;;;;;1;
Poleten Colony;;;;;;;;1;
Sultan Haji Bari;;;;;;;;1;
Belayat Alir Bari;;;;;;;;1;
Saleh Ahamed Ar Bari;;;;;;;;1;
School Bari;;;;;;;;1;
Soiyot Sowdagor Ar Bari;;;;;;;;1;
Nur Box Ar Bari;;;;;;;;1;
Soref Bari;;;;;;;;1;
Sober Ahamed;;;;;;;;1;
Majir Bari;;;;;;;;1;
Nuru Sattar Bari;;;;;;;;1;
Mote Hajir Bari;;;;;;;;1;
Ali Miyar Bari;;;;;;;;1;
Morhum Ajad Alir Bari;;;;;;;;1;
Masjed Goli;;;;;;;;1;
Ali Miya Munse Bari;;;;;;;;1;
Najer Pul Goli;;;;;;;;1;
Mojel Khaner Bari;;;;;;;;1;
Satar Khaner Bari;;;;;;;;1;
Ali Hossain Ar Bari;;;;;;;;1;
Kala Beger Bari;;;;;;;;1;
Miya Khan;;;;;;;;1;
Late. Gofur Khan Sattar Ar Bari;;;;;;;;1;
Abul Hossain Ar Bari;;;;;;;;1;
Abul Kasheam;;;;;;;;1;
Akbor Sattar Bari;;;;;;;;1;
Jamur Colony;;;;;;;;1;
Morhum Khaner Bari;;;;;;;;1;
B Rahman Bari;;;;;;;;1;
Neraj Kha Colony;;;;;;;;1;
Asraf Khan Colony;;;;;;;;1;
Menges Khan Colony;;;;;;;;1;
Kamal Khan Colony;;;;;;;;1;
Belal Khaner Bari;;;;;;;;1;
Khafeya Nebas;;;;;;;;1;
Amir Kha Colony;;;;;;;;1;
Linkon Bari;;;;;;;;1;
Arju Vara Bari;;;;;;;;1;
Muslim Bari;;;;;;;;1;
Ballader Bari;;;;;;;;1;
Serajul Hok Bari;;;;;;;;1;
Alahe Box Ar Bari;;;;;;;;1;
Masul Bari;;;;;;;;1;
Selim Satta Bari;;;;;;;;1;
Nuru Bari;;;;;;;;1;
Salam Haji Bari;;;;;;;;1;
Dola Colony;;;;;;;;1;
Naserer Bari;;;;;;;;1;
Sultan Ahamed Bari;;;;;;;;1;
Sadu Miya Bari;;;;;;;;1;
Abdur Rahman Bari;;;;;;;;1;
Abul Khayer Membarer Bari;;;;;;;;1;
Sona Miya Bari;;;;;;;;1;
Mojjirol Bari;;;;;;;;1;
Vego Baper Bari;;;;;;;;1;
Fored Colony;;;;;;;;1;
Moluf Sowdagor Bari;;;;;;;;1;
Fokir Bari;;;;;;;;1;
Sesa Miner Bari;;;;;;;;1;
Boler Bari;;;;;;;;1;
Romjan Ali Bari;;;;;;;;1;
Late. Moneya Baper Bari;;;;;;;;1;
Late. Raja Miya Bari;;;;;;;;1;
Mukbul Ali Bari;;;;;;;;1;
Ali Membar Bari;;;;;;;;1;
Vorsa Baper Bari;;;;;;;;1;
Bandal Miya Bari;;;;;;;;1;
Mistry Para;;;;;;;;1;
Askarbad;;;;;;;;1;
Monsurabad;;;;;;;;1;
Seraj Colony;;;;;;;;1;
Patiyala Burir Colony;;;;;;;;1;
Abu Mar Colony;;;;;;;;1;
Abu Polaser Colony;;;;;;;;1;
Haji Salamot Alir Bari;;;;;;;;1;
Saleh Ahamed Ar Bari;;;;;;;;1;
Mamun Colony;;;;;;;;1;
Khalek Inganeyar Cvolony;;;;;;;;1;
Dama Colony;;;;;;;;1;
Doctor Colony;;;;;;;;1;
Ishak Ar Colony;;;;;;;;1;
Ibahim Colony;;;;;;;;1;
Kader Patwary;;;;;;;;1;
Munse Colony;;;;;;;;1;
Lalaji Colony;;;;;;;;1;
Esaf M.P Colony;;;;;;;;1;
Nor Menshar Colony;;;;;;;;1;
Aneser Colony;;;;;;;;1;
Nasir colony;;;;;;;;1;
Sajur Colony;;;;;;;;1;
Joliler Vara Ghor;;;;;;;;1;
Ronir Vara Ghor;;;;;;;;1;
Kaiyum Ar Vara Ghor;;;;;;;;1;
Mamuner Vara Ghor;;;;;;;;1;
Mabud Ar Vara Ghor;;;;;;;;1;
Juyeler Vara Ghor;;;;;;;;1;
Samur Vara Ghor;;;;;;;;1;
Josemer Colony;;;;;;;;1;
Hosener Colony;;;;;;;;1;
24 Colony;;;;;;;;1;
Korimer Colony;;;;;;;;1;
Sumoner Vara Ghor;;;;;;;;1;
Rajjak Ar Vara Ghor;;;;;;;;1;
Sofi Ullah Vara Ghor;;;;;;;;1;
Molla Para;;;;;;;;1;
Josim Colony;;;;;;;;1;
Roner Vara Ghor;;;;;;;;1;
Tisur Vara Ghor;;;;;;;;1;
Rongi Para;;;;;;;;1;
Shante Bag;;;;;;;;1;
L Block;;;;;;;;1;
Bosundara;;;;;;;;1;
Anada Pur;;;;;;;;1;
Abdul Roshid Depar Ar Dokhin Side;;;;;;;;1;
Roshid Building 2 No. Goli;;;;;;;;1;
Pan Bazar;;;;;;;;1;
Boroi Tola Bostee;;;;;;;;1;
Depar Dokhin Par;;;;;;;;1;
Depar Purbo Par Colony;;;;;;;;1;
Ali Kajol Membar Bari;;;;;;;;1;
Depar Uttor Pash Ward Tred Senter;;;;;;;;1;
Yasin Golli;;;;;;;;1;
Fokirer Bari Gonjeyalar Building;;;;;;;;1;
Raja Miyar Bari Proogoter Pichone;;;;;;;;1;
Bar Qater;;;;;;;;1;
Raja Miya Sowdagar Motreyar Pul;;;;;;;;1;
Yar Ali Masjed Moteyan Pul;;;;;;;;1;
Moteyar Pul;;;;;;;;1;
Kala Miya Bari;;;;;;;;1;
Delu Miyar Bostee;;;;;;;;1;
Roshid Master Bari;;;;;;;;1;
Kaporeya Para;;;;;;;;1;
Badam Tole Najir Vandary;;;;;;;;1;
Pathan Tole;;;;;;;;1;
Damuya Pukur Par;;;;;;;;1;
Kali Bari Colony;;;;;;;;1;
Begom Pukur Par;;;;;;;;1;
Progote;;;;;;;;1;
Kata Bot Gach;;;;;;;;1;
Pathan Tole;;;;;;;;1;
Masjeed Goli;;;;;;;;1;
65 No. Hajir Vobon;;;;;;;;1;
Primiyar Goli;;;;;;;;1;
TNT Vobon, Nath Vobon;;;;;;;;1;
Fojol Korim Chair Man Ar Bari;;;;;;;;1;
Islama Bad;;;;;;;;1;
Piyary Hel, Porir Pahar (Paharer Necha);;;;;;;;1;
Piyare Hel;;;;;;;;1;
Cote Hel;;;;;;;;1;
Menka School Ar Pashe A.C Dotto Laine;;;;;;;;1;
Sondos Babur Lain;;;;;;;;1;
Rakhal Mor Para;;;;;;;;1;
16 No. A.C Dotto Line Horejon Para;;;;;;;;1;
Bodor Pate;;;;;;;;1;
Bodor Pur Purbo Par;;;;;;;;1;
Jel Road;;;;;;;;1;
Bodor Pukur Poschim Par;;;;;;;;1;
Soiyod Mrjan Sah Majar;;;;;;;;1;
Rogu Nath Bari;;;;;;;;1;
D.C Pahar Dokhin Pash;;;;;;;;1;
Sere Goli;;;;;;;;1;
Loknath Monder Ar Upora;;;;;;;;1;
Guru Dormo;;;;;;;;1;
Kotha Kal Goli;;;;;;;;1;
Ajade Goli;;;;;;;;1;
Kodom Mobak Alauddain Bari;;;;;;;;1;
Akota Colony;;;;;;;;1;
Gorur Khamar Bostee, Kobor Sthan;;;;;;;;1;
Jele Para, Jafor Jan Para;;;;;;;;1;
Jafor Khan Para;;;;;;;;1;
Tulplaga Bostee;;;;;;;;1;
Munse Para;;;;;;;;1;
Adorsho Para;;;;;;;;1;
Dhopa Para;;;;;;;;1;
Jele Para;;;;;;;;1;
Hale Sohor Road, T.G Colony;;;;;;;;1;
Yasel Chowdory Para;;;;;;;;1;
2 No. Mailer Matha;;;;;;;;1;
Ali Majir Bari;;;;;;;;1;
Dhum Para;;;;;;;;1;
Khaja Miji Road;;;;;;;;1;
Nelachol Abasek Alaka;;;;;;;;1;
Shache Chowdory Para;;;;;;;;1;
Hamjar Dege Poschim Par;;;;;;;;1;
Noju Miya Sowdagar Bari;;;;;;;;1;
Chandar Para;;;;;;;;1;
Hindu Para;;;;;;;;1;
Khejurtola Uttor;;;;;;;;1;
Khejurtola near Goli;;;;;;;;1;
Khejurtola dakshin;;;;;;;;1;
Mohajon Ghat Poschim;;;;;;;;1;
Hossain Ahmed Para;;;;;;;;1;
Hadipara;;;;;;;;1;
Hossain Ahmed Para Md. Ali shah maja Goli;;;;;;;;1;
Mohajonghata Shilpara;;;;;;;;1;
Burma Colony;;;;;;;;1;
Rajar Puur Par Uttor;;;;;;;;1;
Dhumpara (Choihaldar mor);;;;;;;;1;
Dhumpara Purbo;;;;;;;;1;
Dhumpara Poschim;;;;;;;;1;
Hindupara;;;;;;;;1;
Purbo Katgor (Tintola masjid);;;;;;;;1;
Arop Alir Cha Dokan;;;;;;;;1;
Mokbul Sabang Bari;;;;;;;;1;
Solaiman Al Kaderir bari;;;;;;;;1;
Kalam Majhir bari;;;;;;;;1;
Yusuf Ali Matobbor Bari;;;;;;;;1;
Chand mia shahr majar Bari;;;;;;;;1;
Sona Miar Ghati;;;;;;;;1;
Lal Miar Baper Bari;;;;;;;;1;
Kazi Sordarer Bari 1;;;;;;;;1;
Mojaher Chow. Bari;;;;;;;;1;
Purbo katgor;;;;;;;;1;
Koillar Hat;;;;;;;;1;
Gupto khal;;;;;;;;1;
G M Gate;;;;;;;;1;
Hindupara;;;;;;;;1;
Katgor;;;;;;;;1;
Jelepara Uttor;;;;;;;;1;
Jelepara dakshin;;;;;;;;1;
Kosaipara;;;;;;;;1;
Mirapara;;;;;;;;1;
Chorar Par;;;;;;;;1;
Chorar PAr;;;;;;;;1;
Mateya Golli;;;;;;;;1;
Puriya Colony;;;;;;;;1;
Abbager Colony;;;;;;;;1;
Kausarer Colony;;;;;;;;1;
Hamid Sarak;;;;;;;;1;
Beltola Ghola;;;;;;;;1;
Lebu Ghona;;;;;;;;1;
Akbor Sha;;;;;;;;1;
Akborer Colony;;;;;;;;1;
Bachar Miyar Colony;;;;;;;;1;
Jakirer Colony;;;;;;;;1;
Alimer Colony;;;;;;;;1;
Islamiya Colony;;;;;;;;1;
Noyapara;;;;;;;;1;
Chair Man Colony;;;;;;;;1;
Nasemar Colony;;;;;;;;1;
Bazar Colony;;;;;;;;1;
Alamin Jame Masjeed;;;;;;;;1;
Fokirapur;;;;;;;;1;
Moli Para;;;;;;;;1;
Nasiya Ghona;;;;;;;;1;
Lakcity;;;;;;;;1;
Purbo Feroj Sha;;;;;;;;1;
Feroj Sha;;;;;;;;1;
Besho Colony;;;;;;;;1;
Besho Colony;;;;;;;;1;
Besho Colony;;;;;;;;1;
Shapla Abasek Alaka;;;;;;;;1;
Poschim Shapla Alaka;;;;;;;;1;
Chorpara Balur Tal;;;;;;;;1;
Chopara Ahmadia Madasha O Masjid;;;;;;;;1;
Adarshapara Masjid;;;;;;;;1;
Golden Beach Tek;;;;;;;;1;
Mohiuddiner Chayer Dokan;;;;;;;;1;
Fulcharipara Poschim;;;;;;;;1;
Deilpara Poschim;;;;;;;;1;
Najirpara Poschim;;;;;;;;1;
Kalu Chowkidar Bari, Vanga;;;;;;;;1;
Hafez Mobarok Ali Shah Mazar;;;;;;;;1;
Parar Dokan;;;;;;;;1;
Kalu Chowkidar Koborsthan;;;;;;;;1;
Hafez Mobarok Ali Shah Pra. Bidda.;;;;;;;;1;
Chowduhri Bari;;;;;;;;1;
Raja Badsha Brigfil;;;;;;;;1;
Deilpara Majar Goli;;;;;;;;1;
Deilpara/Chodi Halda Mor;;;;;;;;1;
Najir Para Uttor;;;;;;;;1;
Najir Para Dinai Road;;;;;;;;1;
Nijamuddin Majarer Samner Road Vitore;;;;;;;;1;
Porapara Primary School Road;;;;;;;;1;
Niam Market;;;;;;;;1;
Siddik Akbar Jame Masjid O City Corp. High School;;;;;;;;1;
41 no. Councilor Bari;;;;;;;;1;
Bor Hafezer Bai;;;;;;;;1;
Omor Fauk Jame Masjid Uttor Pasher Rastar Vitore;;;;;;;;1;
Masdrasha Gate Hoye Vitore;;;;;;;;1;
Miyajipara, Duriapara;;;;;;;;1;
Chrbosti Uttor, Dakshin;;;;;;;;1;
Lal Diyar Chor C Block;;;;;;;;1;
Bijoynagar;;;;;;;;1;
Ali Sowdagore Bari;;;;;;;;1;
Maijpara Ali Dokan;;;;;;;;1;
Maijpara Rajar Pukurpar;;;;;;;;1;
Lal Diyar Chor Airport Road;;;;;;;;1;
Monju Miya Ar Khamar;;;;;;;;1;
Beshas Para;;;;;;;;1;
Metaly Mongol;;;;;;;;1;
Shiv Bari;;;;;;;;1;
